boxofficeType,showRange,rnum,rank,rankInten,rankOldAndNew,movieCd,movieNm,openDt,salesAmt,salesShare,salesInten,salesChange,salesAcc,audiCnt,audiInten,audiChange,audiAcc,scrnCnt,showCnt
일별 박스오피스,20210301~20210301,1,1,2,OLD,20207443,소울,2021-01-20,329131370,21.6,-9332340,-2.8,17740102050,34370,-1320,-3.7,1915003,784,1877
일별 박스오피스,20210301~20210301,2,2,-1,OLD,20199541,미션 파서블,2021-02-17,319052630,20.9,-39028330,-10.9,3309280110,34099,-4673,-12.1,365231,778,2123
일별 박스오피스,20210301~20210301,3,3,-1,OLD,20200703,극장판 귀멸의 칼날: 무한열차편,2021-01-27,322039030,21.1,-35071100,-9.8,8885848380,32617,-3144,-8.8,925724,719,1483
일별 박스오피스,20210301~20210301,4,4,1,OLD,20202555,톰과 제리,2021-02-24,195877110,12.9,-18909180,-8.8,963466320,21987,-1729,-7.3,113320,883,2082
일별 박스오피스,20210301~20210301,5,5,-1,OLD,20215843,카오스 워킹,2021-02-24,176612900,11.6,-66526760,-27.4,1000914500,20060,-7272,-26.6,119886,720,2094
일별 박스오피스,20210301~20210301,6,6,0,OLD,20198663,고백,2021-02-24,23464300,1.5,-9713200,-29.3,170519300,2574,-1685,-39.6,23549,238,433
일별 박스오피스,20210301~20210301,7,7,0,OLD,20209013,워 위드 그랜파,2021-02-24,18512060,1.2,-2038420,-9.9,102403290,2068,-301,-12.7,12447,296,397
일별 박스오피스,20210301~20210301,8,8,0,OLD,20214848,퍼펙트 케어,2021-02-19,13561080,0.9,-887280,-6.1,194810080,1458,-134,-8.4,23034,101,113
일별 박스오피스,20210301~20210301,9,9,2,OLD,20215221,더 레이서,2021-02-24,9108340,0.6,-1237550,-12,62355840,1123,-152,-11.9,7593,137,164
일별 박스오피스,20210301~20210301,10,10,0,OLD,20050310,해리 포터와 불의 잔,2005-12-01,11196500,0.7,-2030500,-15.4,22065955900,1088,-202,-15.7,3496025,26,45
일별 박스오피스,20210302~20210302,1,1,2,OLD,20200703,극장판 귀멸의 칼날: 무한열차편,2021-01-27,134303840,31.9,-187735190,-58.3,9020152220,13931,-18686,-57.3,939655,592,1206
일별 박스오피스,20210302~20210302,2,2,0,OLD,20199541,미션 파서블,2021-02-17,73369050,17.4,-245683580,-77,3382649160,8110,-25989,-76.2,373341,627,1499
일별 박스오피스,20210302~20210302,3,3,-2,OLD,20207443,소울,2021-01-20,63028360,15,-266103010,-80.9,17803130410,6818,-27552,-80.2,1921821,591,1245
일별 박스오피스,20210302~20210302,4,4,1,OLD,20215843,카오스 워킹,2021-02-24,39661010,9.4,-136951890,-77.5,1040575510,5136,-14924,-74.4,125022,590,1341
일별 박스오피스,20210302~20210302,5,5,-1,OLD,20202555,톰과 제리,2021-02-24,32502920,7.7,-163374190,-83.4,995969240,3716,-18271,-83.1,117036,614,1139
일별 박스오피스,20210302~20210302,6,6,0,OLD,20198663,고백,2021-02-24,11300600,2.7,-12163700,-51.8,181819900,1579,-995,-38.7,25128,193,351
일별 박스오피스,20210302~20210302,7,7,2,OLD,20215221,더 레이서,2021-02-24,5466370,1.3,-3641970,-40,67822210,678,-445,-39.6,8271,124,145
일별 박스오피스,20210302~20210302,8,8,4,OLD,20215862,라스트 레터,2021-02-24,4561900,1.1,-3914500,-46.2,69326710,567,-379,-40.1,8165,109,181
일별 박스오피스,20210302~20210302,9,9,-1,OLD,20214848,퍼펙트 케어,2021-02-19,4493010,1.1,-9068070,-66.9,199303090,545,-913,-62.6,23579,85,97
일별 박스오피스,20210302~20210302,10,10,-3,OLD,20209013,워 위드 그랜파,2021-02-24,4438880,1.1,-14073180,-76,106842170,536,-1532,-74.1,12983,194,246
일별 박스오피스,20210303~20210303,1,1,0,NEW,20205144,미나리,2021-03-03,348374540,50.6,348374540,100,357790540,40721,40721,100,41730,996,3325
일별 박스오피스,20210303~20210303,2,2,-1,OLD,20200703,극장판 귀멸의 칼날: 무한열차편,2021-01-27,128649710,18.7,-5654130,-4.2,9148801930,13120,-811,-5.8,952775,526,1216
일별 박스오피스,20210303~20210303,3,3,-1,OLD,20199541,미션 파서블,2021-02-17,51650130,7.5,-21718920,-29.6,3434299290,5658,-2452,-30.2,378999,545,1239
일별 박스오피스,20210303~20210303,4,4,-1,OLD,20207443,소울,2021-01-20,50893770,7.4,-12134590,-19.3,17854024180,5413,-1405,-20.6,1927234,529,1117
일별 박스오피스,20210303~20210303,5,5,-1,OLD,20215843,카오스 워킹,2021-02-24,27355060,4,-12305950,-31,1067930570,3689,-1447,-28.2,128711,439,815
일별 박스오피스,20210303~20210303,6,6,-1,OLD,20202555,톰과 제리,2021-02-24,18915550,2.7,-13587370,-41.8,1014884790,2067,-1649,-44.4,119103,415,663
일별 박스오피스,20210303~20210303,7,7,-1,OLD,20198663,고백,2021-02-24,7606800,1.1,-3693800,-32.7,189426700,1241,-338,-21.4,26369,169,249
일별 박스오피스,20210303~20210303,8,8,-1,OLD,20215221,더 레이서,2021-02-24,5452700,0.8,-13670,-0.3,73274910,658,-20,-2.9,8929,64,80
일별 박스오피스,20210303~20210303,9,9,2,OLD,20050310,해리 포터와 불의 잔,2005-12-01,3617000,0.5,131500,3.8,22073058400,394,26,7.1,3496787,30,52
일별 박스오피스,20210303~20210303,10,10,0,NEW,20216555,아르코 라이브 뮤지컬 호프,2021-03-03,7459500,1.1,7459500,100,7459500,373,373,100,373,10,20
일별 박스오피스,20210304~20210304,1,1,0,OLD,20205144,미나리,2021-03-03,257409330,36.4,-90965210,-26.1,615199870,30431,-10290,-25.3,72161,954,2973
일별 박스오피스,20210304~20210304,2,2,0,NEW,20200263,라야와 마지막 드래곤,2021-03-04,125703350,17.8,125703350,100,132021350,13791,13791,100,14493,823,2170
일별 박스오피스,20210304~20210304,3,3,-1,OLD,20200703,극장판 귀멸의 칼날: 무한열차편,2021-01-27,109401380,15.5,-19248330,-15,9258203310,11121,-1999,-15.2,963896,476,962
일별 박스오피스,20210304~20210304,4,4,-1,OLD,20199541,미션 파서블,2021-02-17,41687090,5.9,-9963040,-19.3,3475986380,4535,-1123,-19.8,383534,441,931
일별 박스오피스,20210304~20210304,5,5,81,OLD,20071054,중경삼림,1995-09-02,38726870,5.5,38656870,55224.1,171135270,4151,4144,59200,20474,297,460
일별 박스오피스,20210304~20210304,6,6,-2,OLD,20207443,소울,2021-01-20,39362620,5.6,-11531150,-22.7,17893386800,4139,-1274,-23.5,1931373,447,784
일별 박스오피스,20210304~20210304,7,7,-2,OLD,20215843,카오스 워킹,2021-02-24,13697790,1.9,-13657270,-49.9,1081628360,1565,-2124,-57.6,130276,362,539
일별 박스오피스,20210304~20210304,8,8,-1,OLD,20198663,고백,2021-02-24,7581300,1.1,-25500,-0.3,197008000,1370,129,10.4,27739,136,166
일별 박스오피스,20210304~20210304,9,9,-3,OLD,20202555,톰과 제리,2021-02-24,11042710,1.6,-7872840,-41.6,1025927500,1186,-881,-42.6,120289,287,364
일별 박스오피스,20210304~20210304,10,10,0,NEW,20215301,어니스트 씨프,2021-02-03,5589400,0.8,5589400,100,716834260,674,674,100,80784,5,6
일별 박스오피스,20210305~20210305,1,1,0,OLD,20205144,미나리,2021-03-03,323012870,38.6,65603540,25.5,938212740,35586,5155,16.9,107747,1010,3216
일별 박스오피스,20210305~20210305,2,2,1,OLD,20200703,극장판 귀멸의 칼날: 무한열차편,2021-01-27,163548960,19.6,54147580,49.5,9421752270,15728,4607,41.4,979624,528,1103
일별 박스오피스,20210305~20210305,3,3,-1,OLD,20200263,라야와 마지막 드래곤,2021-03-04,121013160,14.5,-4690190,-3.7,253034510,12411,-1380,-10,26904,825,2092
일별 박스오피스,20210305~20210305,4,4,2,OLD,20207443,소울,2021-01-20,57339870,6.9,17977250,45.7,17950726670,5694,1555,37.6,1937067,462,859
일별 박스오피스,20210305~20210305,5,5,-1,OLD,20199541,미션 파서블,2021-02-17,48502840,5.8,6815750,16.3,3524489220,5003,468,10.3,388537,461,927
일별 박스오피스,20210305~20210305,6,6,-1,OLD,20071054,중경삼림,1995-09-02,42365850,5.1,3638980,9.4,213501120,4072,-79,-1.9,24546,307,474
일별 박스오피스,20210305~20210305,7,7,0,OLD,20215843,카오스 워킹,2021-02-24,15682810,1.9,1985020,14.5,1097311170,1612,47,3,131888,350,505
일별 박스오피스,20210305~20210305,8,8,1,OLD,20202555,톰과 제리,2021-02-24,12191680,1.5,1148970,10.4,1038119180,1253,67,5.6,121542,285,365
일별 박스오피스,20210305~20210305,9,9,-1,OLD,20198663,고백,2021-02-24,6180600,0.7,-1400700,-18.5,203188600,1008,-362,-26.4,28747,138,169
일별 박스오피스,20210305~20210305,10,10,4,OLD,20216555,아르코 라이브 뮤지컬 호프,2021-03-03,8719500,1,1139500,15,23759000,436,57,15,1188,10,20
일별 박스오피스,20210306~20210306,1,1,0,OLD,20205144,미나리,2021-03-03,826121410,38.4,503108540,155.8,1764334150,88070,52484,147.5,195817,1162,4011
일별 박스오피스,20210306~20210306,2,2,1,OLD,20200263,라야와 마지막 드래곤,2021-03-04,466827810,21.7,345814650,285.8,719862320,49829,37418,301.5,76733,1011,2948
일별 박스오피스,20210306~20210306,3,3,-1,OLD,20200703,극장판 귀멸의 칼날: 무한열차편,2021-01-27,369459930,17.2,205910970,125.9,9791212200,35998,20270,128.9,1015622,626,1411
일별 박스오피스,20210306~20210306,4,4,0,OLD,20207443,소울,2021-01-20,150928380,7,93588510,163.2,18101655050,15039,9345,164.1,1952106,513,997
일별 박스오피스,20210306~20210306,5,5,0,OLD,20199541,미션 파서블,2021-02-17,110764450,5.2,62261610,128.4,3635253670,11402,6399,127.9,399939,515,1054
일별 박스오피스,20210306~20210306,6,6,0,OLD,20071054,중경삼림,1995-09-02,61276500,2.8,18910650,44.6,274777620,6000,1928,47.3,30546,336,514
일별 박스오피스,20210306~20210306,7,7,1,OLD,20202555,톰과 제리,2021-02-24,41873990,1.9,29682310,243.5,1079993170,4533,3280,261.8,126075,436,553
일별 박스오피스,20210306~20210306,8,8,-1,OLD,20215843,카오스 워킹,2021-02-24,34590970,1.6,18908160,120.6,1131902140,3564,1952,121.1,135452,406,592
일별 박스오피스,20210306~20210306,9,9,1,OLD,20216555,아르코 라이브 뮤지컬 호프,2021-03-03,16399500,0.8,7680000,88.1,40158500,820,384,88.1,2008,10,20
일별 박스오피스,20210306~20210306,10,10,-1,OLD,20198663,고백,2021-02-24,5903800,0.3,-276800,-4.5,209092400,768,-240,-23.8,29515,138,158
일별 박스오피스,20210307~20210307,1,1,0,OLD,20205144,미나리,2021-03-03,755267160,36.9,-70854250,-8.6,2519601310,81247,-6823,-7.7,277064,1158,3946
일별 박스오피스,20210307~20210307,2,2,0,OLD,20200263,라야와 마지막 드래곤,2021-03-04,464541650,22.7,-2286160,-0.5,1184403970,50385,556,1.1,127118,1056,2941
일별 박스오피스,20210307~20210307,3,3,0,OLD,20200703,극장판 귀멸의 칼날: 무한열차편,2021-01-27,375292810,18.3,5832880,1.6,10166505010,36768,770,2.1,1052390,637,1435
일별 박스오피스,20210307~20210307,4,4,0,OLD,20207443,소울,2021-01-20,127941090,6.2,-22987290,-15.2,18229596140,13010,-2029,-13.5,1965116,524,971
일별 박스오피스,20210307~20210307,5,5,0,OLD,20199541,미션 파서블,2021-02-17,113397160,5.5,2632710,2.4,3748650830,11680,278,2.4,411619,502,1032
일별 박스오피스,20210307~20210307,6,6,0,OLD,20071054,중경삼림,1995-09-02,52138380,2.5,-9138120,-14.9,326916000,5197,-803,-13.4,35743,336,501
일별 박스오피스,20210307~20210307,7,7,0,OLD,20202555,톰과 제리,2021-02-24,41576270,2,-297720,-0.7,1121569440,4591,58,1.3,130666,442,538
일별 박스오피스,20210307~20210307,8,8,0,OLD,20215843,카오스 워킹,2021-02-24,32796720,1.6,-1794250,-5.2,1164698860,3435,-129,-3.6,138887,390,556
일별 박스오피스,20210307~20210307,9,9,1,OLD,20198663,고백,2021-02-24,6844600,0.3,940800,15.9,215937000,938,170,22.1,30453,140,159
일별 박스오피스,20210307~20210307,10,10,-1,OLD,20216555,아르코 라이브 뮤지컬 호프,2021-03-03,14977000,0.7,-1422500,-8.7,55135500,749,-71,-8.7,2757,10,20
일별 박스오피스,20210308~20210308,1,1,0,OLD,20205144,미나리,2021-03-03,207155360,38.8,-548111800,-72.6,2726756670,24223,-57024,-70.2,301287,976,3043
일별 박스오피스,20210308~20210308,2,2,1,OLD,20200703,극장판 귀멸의 칼날: 무한열차편,2021-01-27,130272100,24.4,-245020710,-65.3,10296777110,13346,-23422,-63.7,1065736,552,1212
일별 박스오피스,20210308~20210308,3,3,-1,OLD,20200263,라야와 마지막 드래곤,2021-03-04,61755090,11.6,-402786560,-86.7,1246159060,6557,-43828,-87,133675,729,1641
일별 박스오피스,20210308~20210308,4,4,0,OLD,20207443,소울,2021-01-20,33093520,6.2,-94847570,-74.1,18262689660,3481,-9529,-73.2,1968597,420,705
일별 박스오피스,20210308~20210308,5,5,0,OLD,20199541,미션 파서블,2021-02-17,29931890,5.6,-83465270,-73.6,3778582720,3207,-8473,-72.5,414826,395,736
일별 박스오피스,20210308~20210308,6,6,0,OLD,20071054,중경삼림,1995-09-02,21262360,4,-30876020,-59.2,348178360,2297,-2900,-55.8,38040,311,471
일별 박스오피스,20210308~20210308,7,7,1,OLD,20215843,카오스 워킹,2021-02-24,8823560,1.7,-23973160,-73.1,1173522420,991,-2444,-71.1,139878,273,382
일별 박스오피스,20210308~20210308,8,8,-1,OLD,20202555,톰과 제리,2021-02-24,6021300,1.1,-35554970,-85.5,1127590740,659,-3932,-85.6,131325,208,233
일별 박스오피스,20210308~20210308,9,9,0,NEW,20200364,정말 먼 곳,2021-03-18,4611000,0.9,4611000,100,8266000,564,564,100,1020,6,7
일별 박스오피스,20210308~20210308,10,10,0,OLD,20216555,아르코 라이브 뮤지컬 호프,2021-03-03,7040000,1.3,-7937000,-53,62175500,352,-397,-53,3109,10,20
일별 박스오피스,20210309~20210309,1,1,0,OLD,20205144,미나리,2021-03-03,189801350,37.9,-17354010,-8.4,2916558020,22534,-1689,-7,323821,1010,3082
일별 박스오피스,20210309~20210309,2,2,0,OLD,20200703,극장판 귀멸의 칼날: 무한열차편,2021-01-27,122476700,24.4,-7795400,-6,10419253810,12480,-866,-6.5,1078216,566,1212
일별 박스오피스,20210309~20210309,3,3,0,OLD,20200263,라야와 마지막 드래곤,2021-03-04,54924340,11,-6830750,-11.1,1301083400,5859,-698,-10.6,139534,741,1576
일별 박스오피스,20210309~20210309,4,4,0,OLD,20207443,소울,2021-01-20,30490800,6.1,-2602720,-7.9,18293180460,3224,-257,-7.4,1971821,408,701
일별 박스오피스,20210309~20210309,5,5,0,OLD,20199541,미션 파서블,2021-02-17,26475580,5.3,-3456310,-11.5,3805058300,2901,-306,-9.5,417727,405,731
일별 박스오피스,20210309~20210309,6,6,0,OLD,20071054,중경삼림,1995-09-02,19703970,3.9,-1558390,-7.3,367882330,2130,-167,-7.3,40170,302,453
일별 박스오피스,20210309~20210309,7,7,0,OLD,20215843,카오스 워킹,2021-02-24,7384380,1.5,-1439180,-16.3,1180906800,838,-153,-15.4,140716,248,340
일별 박스오피스,20210309~20210309,8,8,0,OLD,20202555,톰과 제리,2021-02-24,5796950,1.2,-224350,-3.7,1133387690,640,-19,-2.9,131965,207,226
일별 박스오피스,20210309~20210309,9,9,1,OLD,20216555,아르코 라이브 뮤지컬 호프,2021-03-03,9348500,1.9,2308500,32.8,71524000,468,116,33,3577,10,20
일별 박스오피스,20210309~20210309,10,10,4,OLD,20215221,더 레이서,2021-02-24,3613470,0.7,2233930,161.9,94399840,465,274,143.5,11574,41,46
일별 박스오피스,20210310~20210310,1,1,0,OLD,20205144,미나리,2021-03-03,193941920,36.5,4140570,2.2,3110499940,22682,148,0.7,346503,1031,3176
일별 박스오피스,20210310~20210310,2,2,0,OLD,20200703,극장판 귀멸의 칼날: 무한열차편,2021-01-27,138026290,26,15549590,12.7,10557280100,14020,1540,12.3,1092236,595,1405
일별 박스오피스,20210310~20210310,3,3,0,OLD,20200263,라야와 마지막 드래곤,2021-03-04,61282890,11.5,6358550,11.6,1362366290,6585,726,12.4,146119,706,1560
일별 박스오피스,20210310~20210310,4,4,0,OLD,20207443,소울,2021-01-20,33295240,6.3,2804440,9.2,18326475700,3491,267,8.3,1975312,424,701
일별 박스오피스,20210310~20210310,5,5,0,OLD,20199541,미션 파서블,2021-02-17,26304940,5,-170640,-0.6,3831363240,2850,-51,-1.8,420577,406,718
일별 박스오피스,20210310~20210310,6,6,0,OLD,20071054,중경삼림,1995-09-02,24733860,4.7,5029890,25.5,392616190,2643,513,24.1,42813,315,482
일별 박스오피스,20210310~20210310,7,7,0,OLD,20215843,카오스 워킹,2021-02-24,9825890,1.9,2441510,33.1,1190732690,1052,214,25.5,141768,264,331
일별 박스오피스,20210310~20210310,8,8,0,NEW,20215486,쁘떼뜨,2021-03-10,4943500,0.9,4943500,100,5744500,660,660,100,713,105,180
일별 박스오피스,20210310~20210310,9,8,0,OLD,20202555,톰과 제리,2021-02-24,5972760,1.1,175810,3,1139360450,660,20,3.1,132625,199,228
일별 박스오피스,20210310~20210310,10,10,1,OLD,20198663,고백,2021-02-24,2928000,0.6,825100,39.2,222825000,411,128,45.2,31374,98,125
일별 박스오피스,20210311~20210311,1,1,0,OLD,20205144,미나리,2021-03-03,172869440,27.1,-21072480,-10.9,3283369380,20294,-2388,-10.5,366797,929,2775
일별 박스오피스,20210311~20210311,2,2,0,OLD,20200703,극장판 귀멸의 칼날: 무한열차편,2021-01-27,118962190,18.7,-19064100,-13.8,10676242290,12645,-1375,-9.8,1104881,526,1203
일별 박스오피스,20210311~20210311,3,3,0,NEW,20010083,반지의 제왕 : 반지원정대,2001-12-31,96624520,15.2,96624520,100,96662520,8840,8840,100,8859,185,395
일별 박스오피스,20210311~20210311,4,4,32,OLD,20216051,리스타트,2021-03-11,41930040,6.6,41580040,11880,43864040,5027,4977,9954,5275,514,1022
일별 박스오피스,20210311~20210311,5,5,-2,OLD,20200263,라야와 마지막 드래곤,2021-03-04,43933010,6.9,-17349880,-28.3,1406299300,4806,-1779,-27,150925,542,1084
일별 박스오피스,20210311~20210311,6,6,-2,OLD,20207443,소울,2021-01-20,24730290,3.9,-8564950,-25.7,18351205990,2573,-918,-26.3,1977885,337,468
일별 박스오피스,20210311~20210311,7,7,0,NEW,20216022,웨이 다운,2021-03-11,17850520,2.8,17850520,100,18741520,2164,2164,100,2263,309,449
일별 박스오피스,20210311~20210311,8,8,-3,OLD,20199541,미션 파서블,2021-02-17,16343220,2.6,-9961720,-37.9,3847706460,1764,-1086,-38.1,422341,281,434
일별 박스오피스,20210311~20210311,9,9,0,NEW,20216321,내일도 우린 사랑하고 있을까,2021-03-11,9084200,1.4,9084200,100,11449200,1505,1505,100,1900,129,226
일별 박스오피스,20210311~20210311,10,10,-4,OLD,20071054,중경삼림,1995-09-02,13561670,2.1,-11172190,-45.2,406177860,1473,-1170,-44.3,44286,210,272
일별 박스오피스,20210312~20210312,1,1,0,OLD,20205144,미나리,2021-03-03,238602920,31.4,65733480,38,3521972300,25679,5385,26.5,392476,985,3046
일별 박스오피스,20210312~20210312,2,2,0,OLD,20200703,극장판 귀멸의 칼날: 무한열차편,2021-01-27,169963740,22.4,51001550,42.9,10846206030,17075,4430,35,1121956,573,1336
일별 박스오피스,20210312~20210312,3,3,2,OLD,20200263,라야와 마지막 드래곤,2021-03-04,66667330,8.8,22734320,51.7,1472966630,6857,2051,42.7,157782,578,1178
일별 박스오피스,20210312~20210312,4,4,0,OLD,20216051,리스타트,2021-03-11,50761660,6.7,8831620,21.1,94625700,5620,593,11.8,10895,526,1063
일별 박스오피스,20210312~20210312,5,5,-2,OLD,20010083,반지의 제왕 : 반지원정대,2001-12-31,63180340,8.3,-33444180,-34.6,159842860,4866,-3974,-45,13725,178,393
일별 박스오피스,20210312~20210312,6,6,0,OLD,20207443,소울,2021-01-20,35173560,4.6,10443270,42.2,18386379550,3521,948,36.8,1981406,350,515
일별 박스오피스,20210312~20210312,7,7,0,OLD,20216022,웨이 다운,2021-03-11,19625710,2.6,1775190,9.9,38367230,2260,96,4.4,4523,301,451
일별 박스오피스,20210312~20210312,8,8,0,OLD,20199541,미션 파서블,2021-02-17,20836870,2.7,4493650,27.5,3868543330,2118,354,20.1,424459,296,469
일별 박스오피스,20210312~20210312,9,9,1,OLD,20071054,중경삼림,1995-09-02,17775150,2.3,4213480,31.1,423953010,1755,282,19.1,46041,221,283
일별 박스오피스,20210312~20210312,10,10,2,OLD,20215056,아이 씨 유,2021-03-11,12498490,1.6,2906450,30.3,25602970,1386,287,26.1,2848,109,249
일별 박스오피스,20210313~20210313,1,1,0,OLD,20205144,미나리,2021-03-03,516473810,30.5,277870890,116.5,4038446110,54667,28988,112.9,447143,1069,3627
일별 박스오피스,20210313~20210313,2,2,0,OLD,20200703,극장판 귀멸의 칼날: 무한열차편,2021-01-27,373243900,22,203280160,119.6,11219449930,38414,21339,125,1160370,668,1712
일별 박스오피스,20210313~20210313,3,3,0,OLD,20200263,라야와 마지막 드래곤,2021-03-04,293687610,17.3,227020280,340.5,1766654240,31660,24803,361.7,189442,890,2207
일별 박스오피스,20210313~20210313,4,4,2,OLD,20207443,소울,2021-01-20,96222180,5.7,61048620,173.6,18482601730,9561,6040,171.5,1990967,404,645
일별 박스오피스,20210313~20210313,5,5,-1,OLD,20216051,리스타트,2021-03-11,83315400,4.9,32553740,64.1,177941100,9001,3381,60.2,19896,529,1004
일별 박스오피스,20210313~20210313,6,6,-1,OLD,20010083,반지의 제왕 : 반지원정대,2001-12-31,98351200,5.8,35170860,55.7,258194060,7827,2961,60.9,21552,179,401
일별 박스오피스,20210313~20210313,7,7,1,OLD,20199541,미션 파서블,2021-02-17,47101700,2.8,26264830,126,3915645030,4948,2830,133.6,429407,320,525
일별 박스오피스,20210313~20210313,8,8,1,OLD,20071054,중경삼림,1995-09-02,31885610,1.9,14110460,79.4,455838620,3156,1401,79.8,49197,226,282
일별 박스오피스,20210313~20210313,9,9,-2,OLD,20216022,웨이 다운,2021-03-11,25277820,1.5,5652110,28.8,63645050,2756,496,21.9,7279,300,443
일별 박스오피스,20210313~20210313,10,10,0,OLD,20215056,아이 씨 유,2021-03-11,20288090,1.2,7789600,62.3,45891060,2108,722,52.1,4956,113,241
일별 박스오피스,20210314~20210314,1,1,0,OLD,20205144,미나리,2021-03-03,475286670,30.2,-41187140,-8,4513732780,49980,-4687,-8.6,497123,1048,3512
일별 박스오피스,20210314~20210314,2,2,0,OLD,20200703,극장판 귀멸의 칼날: 무한열차편,2021-01-27,361964930,23,-11278970,-3,11581414860,37574,-840,-2.2,1197944,679,1751
일별 박스오피스,20210314~20210314,3,3,0,OLD,20200263,라야와 마지막 드래곤,2021-03-04,285613880,18.1,-8073730,-2.7,2052268120,30879,-781,-2.5,220321,899,2163
일별 박스오피스,20210314~20210314,4,4,0,OLD,20207443,소울,2021-01-20,90614140,5.7,-5608040,-5.8,18573215870,9123,-438,-4.6,2000090,413,657
일별 박스오피스,20210314~20210314,5,5,0,OLD,20216051,리스타트,2021-03-11,72827730,4.6,-10487670,-12.6,250768830,7909,-1092,-12.1,27805,511,982
일별 박스오피스,20210314~20210314,6,6,0,OLD,20010083,반지의 제왕 : 반지원정대,2001-12-31,76869930,4.9,-21481270,-21.8,335063990,6194,-1633,-20.9,27746,181,401
일별 박스오피스,20210314~20210314,7,7,0,OLD,20199541,미션 파서블,2021-02-17,48907730,3.1,1806030,3.8,3964552760,5019,71,1.4,434426,316,525
일별 박스오피스,20210314~20210314,8,8,0,OLD,20071054,중경삼림,1995-09-02,27758630,1.8,-4126980,-12.9,483597250,2781,-375,-11.9,51978,219,271
일별 박스오피스,20210314~20210314,9,9,0,OLD,20216022,웨이 다운,2021-03-11,23213760,1.5,-2064060,-8.2,86858810,2522,-234,-8.5,9801,286,411
일별 박스오피스,20210314~20210314,10,10,0,OLD,20215056,아이 씨 유,2021-03-11,19114050,1.2,-1174040,-5.8,65005110,2029,-79,-3.7,6985,112,234
일별 박스오피스,20210315~20210315,1,1,0,OLD,20205144,미나리,2021-03-03,128411710,30.8,-346874960,-73,4642144490,14929,-35051,-70.1,512052,910,2600
일별 박스오피스,20210315~20210315,2,2,0,OLD,20200703,극장판 귀멸의 칼날: 무한열차편,2021-01-27,118560850,28.4,-243404080,-67.2,11699975710,12706,-24868,-66.2,1210650,609,1458
일별 박스오피스,20210315~20210315,3,3,0,OLD,20200263,라야와 마지막 드래곤,2021-03-04,34228340,8.2,-251385540,-88,2086496460,3707,-27172,-88,224028,515,965
일별 박스오피스,20210315~20210315,4,4,0,OLD,20207443,소울,2021-01-20,22261430,5.3,-68352710,-75.4,18595477300,2354,-6769,-74.2,2002444,335,481
일별 박스오피스,20210315~20210315,5,5,0,OLD,20216051,리스타트,2021-03-11,19420210,4.7,-53407520,-73.3,270189040,2260,-5649,-71.4,30065,434,737
일별 박스오피스,20210315~20210315,6,6,0,OLD,20010083,반지의 제왕 : 반지원정대,2001-12-31,23639080,5.7,-53230850,-69.2,358703070,1936,-4258,-68.7,29682,156,319
일별 박스오피스,20210315~20210315,7,7,0,OLD,20199541,미션 파서블,2021-02-17,12557780,3,-36349950,-74.3,3977110540,1357,-3662,-73,435783,239,361
일별 박스오피스,20210315~20210315,8,8,0,OLD,20071054,중경삼림,1995-09-02,10762580,2.6,-16996050,-61.2,494359830,1135,-1646,-59.2,53113,217,267
일별 박스오피스,20210315~20210315,9,9,0,OLD,20216022,웨이 다운,2021-03-11,8012450,1.9,-15201310,-65.5,94871260,943,-1579,-62.6,10744,246,329
일별 박스오피스,20210315~20210315,10,10,0,OLD,20215056,아이 씨 유,2021-03-11,4809400,1.2,-14304650,-74.8,69814510,551,-1478,-72.8,7536,82,153
일별 박스오피스,20210316~20210316,1,1,0,OLD,20205144,미나리,2021-03-03,166514580,38.1,38102870,29.7,4808659070,19522,4593,30.8,531574,942,2827
일별 박스오피스,20210316~20210316,2,2,0,OLD,20200703,극장판 귀멸의 칼날: 무한열차편,2021-01-27,105237940,24.1,-13322910,-11.2,11805213650,11227,-1479,-11.6,1221877,614,1429
일별 박스오피스,20210316~20210316,3,3,0,OLD,20200263,라야와 마지막 드래곤,2021-03-04,30222580,6.9,-4005760,-11.7,2116719040,3282,-425,-11.5,227310,493,925
일별 박스오피스,20210316~20210316,4,4,0,OLD,20207443,소울,2021-01-20,21750330,5,-511100,-2.3,18617227630,2295,-59,-2.5,2004739,334,481
일별 박스오피스,20210316~20210316,5,5,0,OLD,20216051,리스타트,2021-03-11,17706480,4,-1713730,-8.8,287895520,2042,-218,-9.6,32107,418,704
일별 박스오피스,20210316~20210316,6,6,0,OLD,20010083,반지의 제왕 : 반지원정대,2001-12-31,21493360,4.9,-2145720,-9.1,380196430,1791,-145,-7.5,31473,156,318
일별 박스오피스,20210316~20210316,7,7,0,OLD,20199541,미션 파서블,2021-02-17,10527080,2.4,-2030700,-16.2,3987637620,1173,-184,-13.6,436956,231,346
일별 박스오피스,20210316~20210316,8,8,0,OLD,20071054,중경삼림,1995-09-02,11036240,2.5,273660,2.5,505396070,1171,36,3.2,54284,211,270
일별 박스오피스,20210316~20210316,9,9,0,OLD,20216022,웨이 다운,2021-03-11,8331970,1.9,319520,4,103203230,967,24,2.5,11711,242,331
일별 박스오피스,20210316~20210316,10,10,0,OLD,20215056,아이 씨 유,2021-03-11,6697280,1.5,1887880,39.3,76511790,787,236,42.8,8323,95,191
일별 박스오피스,20210317~20210317,1,1,0,OLD,20205144,미나리,2021-03-03,174768760,29.5,8254180,5,4983427830,20464,942,4.8,552038,873,2612
일별 박스오피스,20210317~20210317,2,2,0,OLD,20200703,극장판 귀멸의 칼날: 무한열차편,2021-01-27,158652240,26.8,53414300,50.8,11963865890,17481,6254,55.7,1239358,632,1575
일별 박스오피스,20210317~20210317,3,3,0,NEW,20216069,모리타니안,2021-03-17,47820560,8.1,47820560,100,51482560,5624,5624,100,5978,563,1266
일별 박스오피스,20210317~20210317,4,4,0,NEW,20179942,러빙 빈센트,2017-11-09,35281090,5.9,35281090,100,3318166851,3884,3884,100,416582,114,267
일별 박스오피스,20210317~20210317,5,5,-2,OLD,20200263,라야와 마지막 드래곤,2021-03-04,26375860,4.4,-3846720,-12.7,2143094900,2852,-430,-13.1,230162,430,737
일별 박스오피스,20210317~20210317,6,6,0,OLD,20010083,반지의 제왕 : 반지원정대,2001-12-31,27109100,4.6,5615740,26.1,407305530,2185,394,22,33658,149,296
일별 박스오피스,20210317~20210317,7,7,0,NEW,20216361,브레이브 언더 파이어,2021-03-17,14007400,2.4,14007400,100,14007400,2032,2032,100,2032,178,342
일별 박스오피스,20210317~20210317,8,8,-4,OLD,20207443,소울,2021-01-20,16560670,2.8,-5189660,-23.9,18633788300,1754,-541,-23.6,2006493,253,338
일별 박스오피스,20210317~20210317,9,9,0,NEW,20030371,태극기 휘날리며,2004-02-05,9655500,1.6,9655500,100,15698270000,1401,1401,100,2546967,73,138
일별 박스오피스,20210317~20210317,10,10,-5,OLD,20216051,리스타트,2021-03-11,9763640,1.6,-7942840,-44.9,297659160,1127,-915,-44.8,33234,275,369
일별 박스오피스,20210318~20210318,1,1,0,OLD,20205144,미나리,2021-03-03,165732390,25,-9036370,-5.2,5149160220,19332,-1132,-5.5,571370,879,2508
일별 박스오피스,20210318~20210318,2,2,0,OLD,20200703,극장판 귀멸의 칼날: 무한열차편,2021-01-27,144447590,21.8,-14204650,-9,12108313480,15866,-1615,-9.2,1255224,662,1653
일별 박스오피스,20210318~20210318,3,3,0,NEW,20020234,반지의 제왕 : 두 개의 탑,2002-12-19,80049870,12.1,80049870,100,80133870,7570,7570,100,7612,176,217
일별 박스오피스,20210318~20210318,4,4,0,NEW,20030316,반지의 제왕 : 왕의 귀환,2003-12-17,61520540,9.3,61520540,100,4414143540,5510,5510,100,706106,168,204
일별 박스오피스,20210318~20210318,5,5,-2,OLD,20216069,모리타니안,2021-03-17,36608870,5.5,-11211690,-23.4,88091430,4302,-1322,-23.5,10280,544,1163
일별 박스오피스,20210318~20210318,6,6,-1,OLD,20200263,라야와 마지막 드래곤,2021-03-04,21503680,3.2,-4872180,-18.5,2164598580,2380,-472,-16.5,232542,395,625
일별 박스오피스,20210318~20210318,7,7,0,NEW,20200364,정말 먼 곳,2021-03-18,16320210,2.5,16320210,100,24586210,2024,2024,100,3044,204,268
일별 박스오피스,20210318~20210318,8,8,0,OLD,20207443,소울,2021-01-20,16004240,2.4,-556430,-3.4,18649792540,1837,83,4.7,2008330,237,295
일별 박스오피스,20210318~20210318,9,9,-2,OLD,20216361,브레이브 언더 파이어,2021-03-17,10259600,1.5,-3747800,-26.8,24267000,1497,-535,-26.3,3529,169,307
일별 박스오피스,20210318~20210318,10,10,2,OLD,20071054,중경삼림,1995-09-02,11958790,1.8,4138080,52.9,525175570,1352,504,59.4,56484,115,135
일별 박스오피스,20210319~20210319,1,1,0,OLD,20205144,미나리,2021-03-03,200324200,27.6,34591810,20.9,5349484420,21679,2347,12.1,593049,920,2668
일별 박스오피스,20210319~20210319,2,2,0,OLD,20200703,극장판 귀멸의 칼날: 무한열차편,2021-01-27,169685040,23.4,25237450,17.5,12277998520,17108,1242,7.8,1272332,673,1721
일별 박스오피스,20210319~20210319,3,3,2,OLD,20216069,모리타니안,2021-03-17,41088390,5.7,4479520,12.2,129179820,4510,208,4.8,14790,532,1104
일별 박스오피스,20210319~20210319,4,4,-1,OLD,20020234,반지의 제왕 : 두 개의 탑,2002-12-19,46877690,6.5,-33172180,-41.4,127011560,3762,-3808,-50.3,11374,175,209
일별 박스오피스,20210319~20210319,5,5,1,OLD,20200263,라야와 마지막 드래곤,2021-03-04,33099540,4.6,11595860,53.9,2197698120,3413,1033,43.4,235955,445,705
일별 박스오피스,20210319~20210319,6,6,-2,OLD,20030316,반지의 제왕 : 왕의 귀환,2003-12-17,44462220,6.1,-17058320,-27.7,4458605760,3369,-2141,-38.9,709475,165,216
일별 박스오피스,20210319~20210319,7,7,1,OLD,20207443,소울,2021-01-20,25400440,3.5,9396200,58.7,18675192980,2825,988,53.8,2011155,261,336
일별 박스오피스,20210319~20210319,8,8,0,NEW,20216768,몬테크리스토: 더 뮤지컬 라이브,2021-03-19,44902000,6.2,44902000,100,46502000,2282,2282,100,2362,87,210
일별 박스오피스,20210319~20210319,9,9,0,OLD,20216361,브레이브 언더 파이어,2021-03-17,10394900,1.4,135300,1.3,34661900,1309,-188,-12.6,4838,178,302
일별 박스오피스,20210319~20210319,10,10,-3,OLD,20200364,정말 먼 곳,2021-03-18,10174740,1.4,-6145470,-37.7,34760950,1230,-794,-39.2,4274,186,237
일별 박스오피스,20210320~20210320,1,1,0,OLD,20205144,미나리,2021-03-03,574529330,33.3,374205130,186.8,5924013750,60830,39151,180.6,653879,1012,3293
일별 박스오피스,20210320~20210320,2,2,0,OLD,20200703,극장판 귀멸의 칼날: 무한열차편,2021-01-27,375405460,21.8,205720420,121.2,12653403980,38856,21748,127.1,1311188,758,2123
일별 박스오피스,20210320~20210320,3,3,2,OLD,20200263,라야와 마지막 드래곤,2021-03-04,199426770,11.6,166327230,502.5,2397124890,21777,18364,538.1,257732,749,1496
일별 박스오피스,20210320~20210320,4,4,-1,OLD,20216069,모리타니안,2021-03-17,94784000,5.5,53695610,130.7,223963820,10139,5629,124.8,24929,586,1266
일별 박스오피스,20210320~20210320,5,5,2,OLD,20207443,소울,2021-01-20,68892900,4,43492460,171.2,18744085880,6900,4075,144.2,2018055,322,466
일별 박스오피스,20210320~20210320,6,6,-2,OLD,20020234,반지의 제왕 : 두 개의 탑,2002-12-19,78303230,4.5,31425540,67,205314790,6361,2599,69.1,17735,176,212
일별 박스오피스,20210320~20210320,7,7,-1,OLD,20030316,반지의 제왕 : 왕의 귀환,2003-12-17,65587220,3.8,21125000,47.5,4524192980,4964,1595,47.3,714439,165,206
일별 박스오피스,20210320~20210320,8,8,0,OLD,20216768,몬테크리스토: 더 뮤지컬 라이브,2021-03-19,54274000,3.1,9372000,20.9,100776000,2744,462,20.2,5106,90,217
일별 박스오피스,20210320~20210320,9,9,0,OLD,20216361,브레이브 언더 파이어,2021-03-17,21646000,1.3,11251100,108.2,56307900,2355,1046,79.9,7193,199,313
일별 박스오피스,20210320~20210320,10,10,1,OLD,20071054,중경삼림,1995-09-02,18953890,1.1,7327280,63,555756070,1865,656,54.3,59558,134,166
일별 박스오피스,20210321~20210321,1,1,0,OLD,20205144,미나리,2021-03-03,462059640,31.3,-112469690,-19.6,6386073390,49259,-11571,-19,703138,1009,3232
일별 박스오피스,20210321~20210321,2,2,0,OLD,20200703,극장판 귀멸의 칼날: 무한열차편,2021-01-27,365515620,24.8,-9889840,-2.6,13018919600,38117,-739,-1.9,1349305,756,2128
일별 박스오피스,20210321~20210321,3,3,0,OLD,20200263,라야와 마지막 드래곤,2021-03-04,173442710,11.8,-25984060,-13,2570567600,19144,-2633,-12.1,276876,761,1489
일별 박스오피스,20210321~20210321,4,4,0,OLD,20216069,모리타니안,2021-03-17,63958290,4.3,-30825710,-32.5,287922110,6876,-3263,-32.2,31805,549,1129
일별 박스오피스,20210321~20210321,5,5,0,OLD,20207443,소울,2021-01-20,58042710,3.9,-10850190,-15.7,18802128590,5836,-1064,-15.4,2023891,326,467
일별 박스오피스,20210321~20210321,6,6,1,OLD,20030316,반지의 제왕 : 왕의 귀환,2003-12-17,64374580,4.4,-1212640,-1.8,4588567560,4972,8,0.2,719411,166,203
일별 박스오피스,20210321~20210321,7,7,-1,OLD,20020234,반지의 제왕 : 두 개의 탑,2002-12-19,49282730,3.3,-29020500,-37.1,254597520,3924,-2437,-38.3,21659,163,189
일별 박스오피스,20210321~20210321,8,8,0,OLD,20216768,몬테크리스토: 더 뮤지컬 라이브,2021-03-19,44994000,3,-9280000,-17.1,145770000,2277,-467,-17,7383,87,212
일별 박스오피스,20210321~20210321,9,9,0,OLD,20216361,브레이브 언더 파이어,2021-03-17,18307900,1.2,-3338100,-15.4,74615800,2009,-346,-14.7,9202,203,300
일별 박스오피스,20210321~20210321,10,10,1,OLD,20216051,리스타트,2021-03-11,15598460,1.1,-822780,-5,342245050,1676,-100,-5.6,38131,254,315
일별 박스오피스,20210322~20210322,1,1,0,OLD,20205144,미나리,2021-03-03,121487850,30.2,-340571790,-73.7,6507561240,14112,-35147,-71.4,717250,878,2433
일별 박스오피스,20210322~20210322,2,2,0,OLD,20200703,극장판 귀멸의 칼날: 무한열차편,2021-01-27,113876300,28.3,-251639320,-68.8,13132795900,12240,-25877,-67.9,1361545,667,1696
일별 박스오피스,20210322~20210322,3,3,1,OLD,20216069,모리타니안,2021-03-17,18602590,4.6,-45355700,-70.9,306524700,2161,-4715,-68.6,33966,438,800
일별 박스오피스,20210322~20210322,4,4,-1,OLD,20200263,라야와 마지막 드래곤,2021-03-04,19129530,4.8,-154313180,-89,2589697130,2096,-17048,-89.1,278972,385,582
일별 박스오피스,20210322~20210322,5,5,1,OLD,20030316,반지의 제왕 : 왕의 귀환,2003-12-17,19354570,4.8,-45020010,-69.9,4607922130,1537,-3435,-69.1,720948,151,175
일별 박스오피스,20210322~20210322,6,6,-1,OLD,20207443,소울,2021-01-20,14474540,3.6,-43568170,-75.1,18816603130,1532,-4304,-73.7,2025423,262,340
일별 박스오피스,20210322~20210322,7,7,0,OLD,20020234,반지의 제왕 : 두 개의 탑,2002-12-19,18123750,4.5,-31158980,-63.2,272721270,1468,-2456,-62.6,23127,136,163
일별 박스오피스,20210322~20210322,8,8,4,OLD,20071054,중경삼림,1995-09-02,6639850,1.7,-9251430,-58.2,578287200,739,-859,-53.8,61895,128,156
일별 박스오피스,20210322~20210322,9,9,-1,OLD,20216768,몬테크리스토: 더 뮤지컬 라이브,2021-03-19,13664500,3.4,-31329500,-69.6,159434500,692,-1585,-69.6,8075,85,172
일별 박스오피스,20210322~20210322,10,10,-1,OLD,20216361,브레이브 언더 파이어,2021-03-17,5343100,1.3,-12964800,-70.8,79958900,624,-1385,-68.9,9826,145,217
일별 박스오피스,20210323~20210323,1,1,0,OLD,20205144,미나리,2021-03-03,113881430,27.8,-7606420,-6.3,6621442670,13387,-725,-5.1,730637,892,2377
일별 박스오피스,20210323~20210323,2,2,0,OLD,20200703,극장판 귀멸의 칼날: 무한열차편,2021-01-27,109851420,26.8,-4024880,-3.5,13242647320,11817,-423,-3.5,1373362,676,1669
일별 박스오피스,20210323~20210323,3,3,0,OLD,20216069,모리타니안,2021-03-17,19376080,4.7,773490,4.2,325900780,2264,103,4.8,36230,455,811
일별 박스오피스,20210323~20210323,4,4,0,OLD,20200263,라야와 마지막 드래곤,2021-03-04,19959670,4.9,830140,4.3,2609656800,2217,121,5.8,281189,392,581
일별 박스오피스,20210323~20210323,5,5,0,OLD,20030316,반지의 제왕 : 왕의 귀환,2003-12-17,28200870,6.9,8846300,45.7,4636123000,2157,620,40.3,723105,163,196
일별 박스오피스,20210323~20210323,6,6,0,OLD,20207443,소울,2021-01-20,13233340,3.2,-1241200,-8.6,18829836470,1417,-115,-7.5,2026840,244,314
일별 박스오피스,20210323~20210323,7,7,3,OLD,20216361,브레이브 언더 파이어,2021-03-17,8753800,2.1,3410700,63.8,88712700,1253,629,100.8,11079,170,263
일별 박스오피스,20210323~20210323,8,8,-1,OLD,20020234,반지의 제왕 : 두 개의 탑,2002-12-19,15043670,3.7,-3080080,-17,287764940,1204,-264,-18,24331,143,168
일별 박스오피스,20210323~20210323,9,9,12,OLD,20197434,자산어보,2021-03-31,8700000,2.1,6840000,367.7,21069000,870,684,367.7,2176,6,6
일별 박스오피스,20210323~20210323,10,10,-2,OLD,20071054,중경삼림,1995-09-02,6545510,1.6,-94340,-1.4,584832710,705,-34,-4.6,62600,115,142
일별 박스오피스,20210324~20210324,1,1,0,NEW,20216673,더 박스,2021-03-24,235864960,34.1,235864960,100,265426900,29274,29274,100,31905,372,717
일별 박스오피스,20210324~20210324,2,2,-1,OLD,20205144,미나리,2021-03-03,106122840,15.4,-7758590,-6.8,6727565510,12487,-900,-6.7,743124,872,2313
일별 박스오피스,20210324~20210324,3,3,-1,OLD,20200703,극장판 귀멸의 칼날: 무한열차편,2021-01-27,107053270,15.5,-2798150,-2.5,13349700590,11613,-204,-1.7,1384975,637,1597
일별 박스오피스,20210324~20210324,4,4,37,OLD,20216432,최면,2021-03-24,50537090,7.3,50187090,14339.2,58237090,5824,5774,11548,6632,458,981
일별 박스오피스,20210324~20210324,5,5,0,OLD,20030316,반지의 제왕 : 왕의 귀환,2003-12-17,31658700,4.6,3457830,12.3,4667781700,2495,338,15.7,725600,142,173
일별 박스오피스,20210324~20210324,6,6,0,NEW,20192567,원더 우먼 1984,2020-12-23,8025000,1.2,8025000,100,4947583400,1605,1605,100,548695,4,6
일별 박스오피스,20210324~20210324,7,7,9,OLD,20199541,미션 파서블,2021-02-17,8597970,1.2,5796840,206.9,4046949740,1597,1271,389.9,444052,47,63
일별 박스오피스,20210324~20210324,8,8,-4,OLD,20200263,라야와 마지막 드래곤,2021-03-04,12412900,1.8,-7546770,-37.8,2622069700,1366,-851,-38.4,282555,269,347
일별 박스오피스,20210324~20210324,9,9,-6,OLD,20216069,모리타니안,2021-03-17,10237400,1.5,-9138680,-47.2,336138180,1225,-1039,-45.9,37455,261,375
일별 박스오피스,20210324~20210324,10,10,-4,OLD,20207443,소울,2021-01-20,9920420,1.4,-3312920,-25,18839756890,1053,-364,-25.7,2027893,177,219
일별 박스오피스,20210325~20210325,1,1,0,NEW,20215850,고질라 VS. 콩,2021-03-25,369150060,49,369150060,100,375075060,38786,38786,100,39181,1164,3812
일별 박스오피스,20210325~20210325,2,2,0,OLD,20205144,미나리,2021-03-03,84683180,11.2,-21439660,-20.2,6812248690,9905,-2582,-20.7,753029,666,1668
일별 박스오피스,20210325~20210325,3,3,0,OLD,20200703,극장판 귀멸의 칼날: 무한열차편,2021-01-27,85500970,11.3,-21552300,-20.1,13435201560,9135,-2478,-21.3,1394110,550,1212
일별 박스오피스,20210325~20210325,4,4,-3,OLD,20216673,더 박스,2021-03-24,63063160,8.4,-172801800,-73.3,328490060,7740,-21534,-73.6,39645,240,354
일별 박스오피스,20210325~20210325,5,5,-1,OLD,20216432,최면,2021-03-24,39508270,5.2,-11028820,-21.8,97745360,4414,-1410,-24.2,11046,456,765
일별 박스오피스,20210325~20210325,6,6,0,NEW,20216372,스파이의 아내,2021-03-25,6770090,0.9,6770090,100,13345590,820,820,100,1445,116,147
일별 박스오피스,20210325~20210325,7,7,0,NEW,20216686,아이카,2021-03-25,7013500,0.9,7013500,100,9293500,774,774,100,995,35,43
일별 박스오피스,20210325~20210325,8,8,4,OLD,20216768,몬테크리스토: 더 뮤지컬 라이브,2021-03-19,13606000,1.8,-3826000,-21.9,203967000,685,-200,-22.6,10330,76,124
일별 박스오피스,20210325~20210325,9,9,-1,OLD,20200263,라야와 마지막 드래곤,2021-03-04,5858240,0.8,-6554660,-52.8,2627927940,661,-705,-51.6,283216,155,170
일별 박스오피스,20210325~20210325,10,10,23,OLD,20197434,자산어보,2021-03-31,6517000,0.9,5217000,401.3,28886000,655,525,403.8,2961,3,3
일별 박스오피스,20210326~20210326,1,1,0,OLD,20215850,고질라 VS. 콩,2021-03-25,409095770,46.1,39945710,10.8,784170830,40842,2056,5.3,80023,1201,3911
일별 박스오피스,20210326~20210326,2,2,1,OLD,20200703,극장판 귀멸의 칼날: 무한열차편,2021-01-27,129775080,14.6,44274110,51.8,13564976640,13026,3891,42.6,1407136,607,1336
일별 박스오피스,20210326~20210326,3,3,-1,OLD,20205144,미나리,2021-03-03,107035390,12.1,22352210,26.4,6919284080,11673,1768,17.8,764702,702,1779
일별 박스오피스,20210326~20210326,4,4,0,OLD,20216673,더 박스,2021-03-24,79065720,8.9,16002560,25.4,407555780,9729,1989,25.7,49374,256,354
일별 박스오피스,20210326~20210326,5,5,0,OLD,20216432,최면,2021-03-24,45339510,5.1,5831240,14.8,143084870,4826,412,9.3,15872,473,794
일별 박스오피스,20210326~20210326,6,6,3,OLD,20200263,라야와 마지막 드래곤,2021-03-04,10222180,1.2,4363940,74.5,2638150120,1062,401,60.7,284278,196,224
일별 박스오피스,20210326~20210326,7,7,4,OLD,20207443,소울,2021-01-20,9797260,1.1,4047020,70.4,18855304390,941,314,50.1,2029461,131,146
일별 박스오피스,20210326~20210326,8,8,0,NEW,20200311,더블패티,2021-02-17,8190000,0.9,8190000,100,131378460,819,819,100,15271,4,4
일별 박스오피스,20210326~20210326,9,9,-3,OLD,20216372,스파이의 아내,2021-03-25,6944110,0.8,174020,2.6,20289700,764,-56,-6.8,2209,111,142
일별 박스오피스,20210326~20210326,10,10,-2,OLD,20216768,몬테크리스토: 더 뮤지컬 라이브,2021-03-19,11273000,1.3,-2333000,-17.1,215240000,568,-117,-17.1,10898,74,124
일별 박스오피스,20210327~20210327,1,1,0,OLD,20215850,고질라 VS. 콩,2021-03-25,1241200930,51.8,832105160,203.4,2025371760,127818,86976,213,207841,1295,4741
일별 박스오피스,20210327~20210327,2,2,0,OLD,20200703,극장판 귀멸의 칼날: 무한열차편,2021-01-27,398695410,16.6,268920330,207.2,13963672050,42662,29636,227.5,1449798,709,1781
일별 박스오피스,20210327~20210327,3,3,0,OLD,20205144,미나리,2021-03-03,271679530,11.3,164644140,153.8,7190963610,28475,16802,143.9,793177,756,2172
일별 박스오피스,20210327~20210327,4,4,0,OLD,20216673,더 박스,2021-03-24,115640060,4.8,36574340,46.3,523195840,14056,4327,44.5,63430,331,506
일별 박스오피스,20210327~20210327,5,5,0,OLD,20216432,최면,2021-03-24,93500410,3.9,48160900,106.2,236585280,9984,5158,106.9,25856,485,853
일별 박스오피스,20210327~20210327,6,6,0,OLD,20200263,라야와 마지막 드래곤,2021-03-04,79158410,3.3,68936230,674.4,2717308530,8976,7914,745.2,293254,417,616
일별 박스오피스,20210327~20210327,7,7,0,OLD,20207443,소울,2021-01-20,33477650,1.4,23680390,241.7,18888782040,3356,2415,256.6,2032817,183,226
일별 박스오피스,20210327~20210327,8,8,1,OLD,20216372,스파이의 아내,2021-03-25,12966220,0.5,6022110,86.7,33255920,1456,692,90.6,3665,120,150
일별 박스오피스,20210327~20210327,9,9,1,OLD,20216768,몬테크리스토: 더 뮤지컬 라이브,2021-03-19,23737500,1,12464500,110.6,238977500,1194,626,110.2,12092,75,126
일별 박스오피스,20210327~20210327,10,10,62,OLD,20216894,트웬티 해커,2021-03-24,5046000,0.2,4931000,4287.8,8728000,987,970,5705.9,1409,71,72
일별 박스오피스,20210328~20210328,1,1,0,OLD,20215850,고질라 VS. 콩,2021-03-25,1126146460,53,-115054470,-9.3,3151518220,117245,-10573,-8.3,325086,1292,4719
일별 박스오피스,20210328~20210328,2,2,0,OLD,20200703,극장판 귀멸의 칼날: 무한열차편,2021-01-27,305257510,14.4,-93437900,-23.4,14268929560,32063,-10599,-24.8,1481861,692,1748
일별 박스오피스,20210328~20210328,3,3,0,OLD,20205144,미나리,2021-03-03,226976400,10.7,-44703130,-16.5,7417940010,24282,-4193,-14.7,817459,752,2098
일별 박스오피스,20210328~20210328,4,4,0,OLD,20216673,더 박스,2021-03-24,98445630,4.6,-17194430,-14.9,621641470,12293,-1763,-12.5,75723,324,457
일별 박스오피스,20210328~20210328,5,5,0,OLD,20216432,최면,2021-03-24,100434050,4.7,6933640,7.4,337019330,10807,823,8.2,36663,506,879
일별 박스오피스,20210328~20210328,6,6,0,OLD,20200263,라야와 마지막 드래곤,2021-03-04,80555430,3.8,1397020,1.8,2797863960,9108,132,1.5,302362,418,619
일별 박스오피스,20210328~20210328,7,7,0,OLD,20207443,소울,2021-01-20,31886850,1.5,-1590800,-4.8,18920668890,3271,-85,-2.5,2036088,179,227
일별 박스오피스,20210328~20210328,8,8,0,OLD,20216372,스파이의 아내,2021-03-25,11663790,0.5,-1302430,-10,44919710,1318,-138,-9.5,4983,117,146
일별 박스오피스,20210328~20210328,9,9,6,OLD,20216361,브레이브 언더 파이어,2021-03-17,8063600,0.4,2322800,40.5,113390700,931,270,40.8,14348,75,84
일별 박스오피스,20210328~20210328,10,10,-1,OLD,20216768,몬테크리스토: 더 뮤지컬 라이브,2021-03-19,18217500,0.9,-5520000,-23.3,257195000,918,-276,-23.1,13010,74,124
일별 박스오피스,20210329~20210329,1,1,0,OLD,20215850,고질라 VS. 콩,2021-03-25,237625320,41.8,-888521140,-78.9,3389143540,25455,-91790,-78.3,350541,1134,3614
일별 박스오피스,20210329~20210329,2,2,0,OLD,20200703,극장판 귀멸의 칼날: 무한열차편,2021-01-27,95254640,16.7,-210002870,-68.8,14364184200,10265,-21798,-68,1492126,608,1369
일별 박스오피스,20210329~20210329,3,3,1,OLD,20216673,더 박스,2021-03-24,67489890,11.9,-30955740,-31.4,689131360,9325,-2968,-24.1,85048,221,290
일별 박스오피스,20210329~20210329,4,4,-1,OLD,20205144,미나리,2021-03-03,67816890,11.9,-159159510,-70.1,7485756900,7959,-16323,-67.2,825418,635,1608
일별 박스오피스,20210329~20210329,5,5,0,OLD,20216432,최면,2021-03-24,29356170,5.2,-71077880,-70.8,366375500,3275,-7532,-69.7,39938,402,651
일별 박스오피스,20210329~20210329,6,6,1,OLD,20207443,소울,2021-01-20,7737180,1.4,-24149670,-75.7,18928406070,832,-2439,-74.6,2036920,140,164
일별 박스오피스,20210329~20210329,7,7,1,OLD,20216372,스파이의 아내,2021-03-25,5923710,1,-5740080,-49.2,50843420,712,-606,-46,5695,106,132
일별 박스오피스,20210329~20210329,8,8,-2,OLD,20200263,라야와 마지막 드래곤,2021-03-04,6115630,1.1,-74439800,-92.4,2803979590,689,-8419,-92.4,303051,163,188
일별 박스오피스,20210329~20210329,9,9,0,NEW,20215931,특명: 스피드 레스큐,2021-03-29,2010000,0.4,2010000,100,2038000,402,402,100,406,21,21
일별 박스오피스,20210329~20210329,10,10,0,NEW,20216494,커피 오어 티,2021-03-31,2555000,0.4,2555000,100,6020000,365,365,100,860,3,3
일별 박스오피스,20210330~20210330,1,1,0,OLD,20215850,고질라 VS. 콩,2021-03-25,207219160,38.5,-30406160,-12.8,3596362700,22450,-3005,-11.8,372991,1152,3534
일별 박스오피스,20210330~20210330,2,2,0,OLD,20200703,극장판 귀멸의 칼날: 무한열차편,2021-01-27,87917900,16.4,-7336740,-7.7,14452102100,9506,-759,-7.4,1501632,599,1348
일별 박스오피스,20210330~20210330,3,3,1,OLD,20205144,미나리,2021-03-03,66902040,12.4,-914850,-1.3,7552658940,7950,-9,-0.1,833368,648,1605
일별 박스오피스,20210330~20210330,4,4,-1,OLD,20216673,더 박스,2021-03-24,38552570,7.2,-28937320,-42.9,727683930,5533,-3792,-40.7,90581,214,294
일별 박스오피스,20210330~20210330,5,5,0,OLD,20216432,최면,2021-03-24,25438460,4.7,-3917710,-13.3,391813960,2883,-392,-12,42821,401,624
일별 박스오피스,20210330~20210330,6,6,0,NEW,20216492,노바디,2021-04-07,18676000,3.5,18676000,100,20391000,2668,2668,100,2913,22,22
일별 박스오피스,20210330~20210330,7,7,-1,OLD,20207443,소울,2021-01-20,8793290,1.6,1056110,13.6,18937199360,956,124,14.9,2037876,131,155
일별 박스오피스,20210330~20210330,8,8,0,OLD,20200263,라야와 마지막 드래곤,2021-03-04,7314280,1.4,1198650,19.6,2811293870,839,150,21.8,303890,182,208
일별 박스오피스,20210330~20210330,9,9,0,NEW,20205155,"조제, 호랑이 그리고 물고기들",2021-03-31,6651000,1.2,6651000,100,7479000,739,739,100,831,5,5
일별 박스오피스,20210330~20210330,10,10,0,OLD,20216494,커피 오어 티,2021-03-31,4851000,0.9,2296000,89.9,10871000,693,328,89.9,1553,7,7
일별 박스오피스,20210331~20210331,1,1,0,NEW,20197434,자산어보,2021-03-31,224902850,30.4,224902850,100,253788850,34877,34877,100,37838,1250,3900
일별 박스오피스,20210331~20210331,2,2,-1,OLD,20215850,고질라 VS. 콩,2021-03-25,190547620,25.7,-16671540,-8,3786910320,27889,5439,24.2,400880,806,2398
일별 박스오피스,20210331~20210331,3,3,-1,OLD,20200703,극장판 귀멸의 칼날: 무한열차편,2021-01-27,76730480,10.4,-11187420,-12.7,14528832580,11640,2134,22.4,1513272,518,1012
일별 박스오피스,20210331~20210331,4,4,-1,OLD,20205144,미나리,2021-03-03,61595030,8.3,-5307010,-7.9,7614253970,9815,1865,23.5,843183,539,1005
일별 박스오피스,20210331~20210331,5,5,0,NEW,20190683,아무도 없는 곳,2021-03-31,30504410,4.1,30504410,100,32862410,4468,4468,100,4730,374,542
일별 박스오피스,20210331~20210331,6,6,0,NEW,20214847,해길랍,2021-03-31,25995640,3.5,25995640,100,26491640,3844,3844,100,3907,223,293
일별 박스오피스,20210331~20210331,7,7,2,OLD,20205155,"조제, 호랑이 그리고 물고기들",2021-03-31,21222310,2.9,14571310,219.1,28701310,3170,2431,329,4001,388,713
일별 박스오피스,20210331~20210331,8,8,-4,OLD,20216673,더 박스,2021-03-24,19789800,2.7,-18762770,-48.7,747473730,2617,-2916,-52.7,93198,40,47
일별 박스오피스,20210331~20210331,9,9,1,OLD,20216494,커피 오어 티,2021-03-31,16658470,2.3,11807470,243.4,27529470,2213,1520,219.3,3766,119,161
일별 박스오피스,20210331~20210331,10,10,0,NEW,20173226,패왕별희 디 오리지널,2017-03-30,7816500,1.1,7816500,100,948698960,1328,1328,100,104951,68,88
일별 박스오피스,20210401~20210401,1,1,0,OLD,20197434,자산어보,2021-03-31,132481180,23.7,-92421670,-41.1,386270030,15973,-18904,-54.2,53811,1146,3348
일별 박스오피스,20210401~20210401,2,2,0,OLD,20215850,고질라 VS. 콩,2021-03-25,143173080,25.6,-47374540,-24.9,3930083400,15443,-12446,-44.6,416323,777,2212
일별 박스오피스,20210401~20210401,3,3,0,OLD,20200703,극장판 귀멸의 칼날: 무한열차편,2021-01-27,76523550,13.7,-206930,-0.3,14605356130,8276,-3364,-28.9,1521548,502,963
일별 박스오피스,20210401~20210401,4,4,4,OLD,20216673,더 박스,2021-03-24,38761500,6.9,18971700,95.9,786235230,5649,3032,115.9,98847,49,67
일별 박스오피스,20210401~20210401,5,5,-1,OLD,20205144,미나리,2021-03-03,38412940,6.9,-23182090,-37.6,7652666910,4639,-5176,-52.7,847822,466,822
일별 박스오피스,20210401~20210401,6,6,-1,OLD,20190683,아무도 없는 곳,2021-03-31,18015770,3.2,-12488640,-40.9,50878180,2118,-2350,-52.6,6848,343,464
일별 박스오피스,20210401~20210401,7,7,0,OLD,20205155,"조제, 호랑이 그리고 물고기들",2021-03-31,16333400,2.9,-4888910,-23,45034710,2008,-1162,-36.7,6009,359,589
일별 박스오피스,20210401~20210401,8,8,-2,OLD,20214847,해길랍,2021-03-31,14948420,2.7,-11047220,-42.5,41440060,1656,-2188,-56.9,5563,192,248
일별 박스오피스,20210401~20210401,9,9,0,NEW,20198123,아틱,2019-03-27,8601800,1.5,8601800,100,84686810,1551,1551,100,11296,43,66
일별 박스오피스,20210401~20210401,10,10,1,OLD,20216432,최면,2021-03-24,6336040,1.1,-1650610,-20.7,406136650,706,-591,-45.6,44824,112,127
일별 박스오피스,20210402~20210402,1,1,1,OLD,20215850,고질라 VS. 콩,2021-03-25,200642910,30.7,57469830,40.1,4130726310,19769,4326,28,436092,840,2413
일별 박스오피스,20210402~20210402,2,2,-1,OLD,20197434,자산어보,2021-03-31,157531880,24.1,25050700,18.9,543801910,17264,1291,8.1,71075,1179,3410
일별 박스오피스,20210402~20210402,3,3,0,OLD,20200703,극장판 귀멸의 칼날: 무한열차편,2021-01-27,110075870,16.8,33552320,43.8,14715432000,10918,2642,31.9,1532466,547,1059
일별 박스오피스,20210402~20210402,4,4,1,OLD,20205144,미나리,2021-03-03,42844820,6.6,4431880,11.5,7695511730,4588,-51,-1.1,852410,499,862
일별 박스오피스,20210402~20210402,5,5,-1,OLD,20216673,더 박스,2021-03-24,21597500,3.3,-17164000,-44.3,807832730,3176,-2473,-43.8,102023,39,48
일별 박스오피스,20210402~20210402,6,6,1,OLD,20205155,"조제, 호랑이 그리고 물고기들",2021-03-31,19026320,2.9,2692920,16.5,64061030,1992,-16,-0.8,8001,366,570
일별 박스오피스,20210402~20210402,7,7,-1,OLD,20190683,아무도 없는 곳,2021-03-31,17372920,2.7,-642850,-3.6,68251100,1924,-194,-9.2,8772,332,459
일별 박스오피스,20210402~20210402,8,8,0,OLD,20214847,해길랍,2021-03-31,14596650,2.2,-351770,-2.4,56036710,1446,-210,-12.7,7009,182,232
일별 박스오피스,20210402~20210402,9,9,1,OLD,20216432,최면,2021-03-24,8892740,1.4,2556700,40.4,415029390,921,215,30.5,45745,124,148
일별 박스오피스,20210402~20210402,10,10,4,OLD,19900204,죽은 시인의 사회,1990-05-19,6413640,1,2509140,64.3,451980040,556,110,24.7,59835,94,107
일별 박스오피스,20210403~20210403,1,1,0,OLD,20215850,고질라 VS. 콩,2021-03-25,699418700,38.2,498775790,248.6,4830145010,69647,49878,252.3,505739,1053,3373
일별 박스오피스,20210403~20210403,2,2,0,OLD,20197434,자산어보,2021-03-31,475993960,26,318462080,202.2,1019795870,50140,32876,190.4,121215,1195,4028
일별 박스오피스,20210403~20210403,3,3,0,OLD,20200703,극장판 귀멸의 칼날: 무한열차편,2021-01-27,241509510,13.2,131433640,119.4,14956941510,24409,13491,123.6,1556875,622,1366
일별 박스오피스,20210403~20210403,4,4,0,OLD,20205144,미나리,2021-03-03,114549130,6.3,71704310,167.4,7810060860,11745,7157,156,864155,571,1007
일별 박스오피스,20210403~20210403,5,5,1,OLD,20205155,"조제, 호랑이 그리고 물고기들",2021-03-31,41501120,2.3,22474800,118.1,105562150,4294,2302,115.6,12295,391,582
일별 박스오피스,20210403~20210403,6,6,11,OLD,20200263,라야와 마지막 드래곤,2021-03-04,36238460,2,33349920,1154.6,2855151310,3961,3681,1314.6,308791,194,264
일별 박스오피스,20210403~20210403,7,7,-2,OLD,20216673,더 박스,2021-03-24,25447500,1.4,3850000,17.8,833280230,3532,356,11.2,105555,36,49
일별 박스오피스,20210403~20210403,8,8,-1,OLD,20190683,아무도 없는 곳,2021-03-31,26451430,1.4,9078510,52.3,94702530,2723,799,41.5,11495,351,465
일별 박스오피스,20210403~20210403,9,9,0,OLD,20216432,최면,2021-03-24,21549900,1.2,12657160,142.3,436579290,2255,1334,144.8,48000,156,202
일별 박스오피스,20210403~20210403,10,10,-2,OLD,20214847,해길랍,2021-03-31,17922270,1,3325620,22.8,73958980,1775,329,22.8,8784,210,263
일별 박스오피스,20210404~20210404,1,1,0,OLD,20215850,고질라 VS. 콩,2021-03-25,573018730,37.1,-126399970,-18.1,5403163740,57661,-11986,-17.2,563400,1036,3352
일별 박스오피스,20210404~20210404,2,2,0,OLD,20197434,자산어보,2021-03-31,388425910,25.1,-87568050,-18.4,1408221780,41624,-8516,-17,162839,1165,3840
일별 박스오피스,20210404~20210404,3,3,0,OLD,20200703,극장판 귀멸의 칼날: 무한열차편,2021-01-27,242668380,15.7,1158870,0.5,15199609890,24586,177,0.7,1581461,624,1386
일별 박스오피스,20210404~20210404,4,4,0,OLD,20205144,미나리,2021-03-03,86329200,5.6,-28219930,-24.6,7896390060,9012,-2733,-23.3,873167,559,987
일별 박스오피스,20210404~20210404,5,5,1,OLD,20200263,라야와 마지막 드래곤,2021-03-04,36414970,2.4,176510,0.5,2891566280,4023,62,1.6,312814,198,277
일별 박스오피스,20210404~20210404,6,6,-1,OLD,20205155,"조제, 호랑이 그리고 물고기들",2021-03-31,36494250,2.4,-5006870,-12.1,142056400,3737,-557,-13,16032,399,588
일별 박스오피스,20210404~20210404,7,7,0,OLD,20216673,더 박스,2021-03-24,21007200,1.4,-4440300,-17.4,854287430,3047,-485,-13.7,108602,27,37
일별 박스오피스,20210404~20210404,8,8,1,OLD,20216432,최면,2021-03-24,24494550,1.6,2944650,13.7,461073840,2550,295,13.1,50550,162,207
일별 박스오피스,20210404~20210404,9,9,-1,OLD,20190683,아무도 없는 곳,2021-03-31,22353350,1.4,-4098080,-15.5,117055880,2376,-347,-12.7,13871,353,466
일별 박스오피스,20210404~20210404,10,10,0,OLD,20214847,해길랍,2021-03-31,12896250,0.8,-5026020,-28,86855230,1267,-508,-28.6,10051,187,233
일별 박스오피스,20210405~20210405,1,1,0,OLD,20215850,고질라 VS. 콩,2021-03-25,107445070,27.5,-465573660,-81.2,5510608810,11035,-46626,-80.9,574435,837,2215
일별 박스오피스,20210405~20210405,2,2,0,OLD,20197434,자산어보,2021-03-31,94147320,24.1,-294278590,-75.8,1502369100,10807,-30817,-74,173646,992,2686
일별 박스오피스,20210405~20210405,3,3,0,OLD,20200703,극장판 귀멸의 칼날: 무한열차편,2021-01-27,78544340,20.1,-164124040,-67.6,15278154230,8163,-16423,-66.8,1589624,536,1095
일별 박스오피스,20210405~20210405,4,4,0,OLD,20205144,미나리,2021-03-03,28165910,7.2,-58163290,-67.4,7924555970,3169,-5843,-64.8,876336,450,764
일별 박스오피스,20210405~20210405,5,5,2,OLD,20216673,더 박스,2021-03-24,13520060,3.5,-7487140,-35.6,867807490,2011,-1036,-34,110613,30,37
일별 박스오피스,20210405~20210405,6,6,0,OLD,20205155,"조제, 호랑이 그리고 물고기들",2021-03-31,9923400,2.5,-26570850,-72.8,151979800,1062,-2675,-71.6,17094,290,401
일별 박스오피스,20210405~20210405,7,7,2,OLD,20190683,아무도 없는 곳,2021-03-31,7348850,1.9,-15004500,-67.1,124404730,825,-1551,-65.3,14696,250,313
일별 박스오피스,20210405~20210405,8,8,0,OLD,20216432,최면,2021-03-24,5622590,1.4,-18871960,-77,466696430,615,-1935,-75.9,51165,104,126
일별 박스오피스,20210405~20210405,9,9,1,OLD,20214847,해길랍,2021-03-31,5567210,1.4,-7329040,-56.8,92422440,600,-667,-52.6,10651,157,192
일별 박스오피스,20210405~20210405,10,10,10,OLD,20201841,부활,2020-07-09,2455000,0.6,-362400,-12.9,147132680,291,-23,-7.3,18391,33,37
일별 박스오피스,20210406~20210406,1,1,1,OLD,20197434,자산어보,2021-03-31,87578340,23.6,-6568980,-7,1589947440,10091,-716,-6.6,183737,993,2591
일별 박스오피스,20210406~20210406,2,2,-1,OLD,20215850,고질라 VS. 콩,2021-03-25,90296240,24.3,-17148830,-16,5600905050,9280,-1755,-15.9,583715,825,2117
일별 박스오피스,20210406~20210406,3,3,0,OLD,20200703,극장판 귀멸의 칼날: 무한열차편,2021-01-27,72944940,19.7,-5599400,-7.1,15351099170,7532,-631,-7.7,1597156,549,1103
일별 박스오피스,20210406~20210406,4,4,0,OLD,20205144,미나리,2021-03-03,32163630,8.7,3997720,14.2,7956719600,3700,531,16.8,880036,488,821
일별 박스오피스,20210406~20210406,5,5,0,OLD,20216673,더 박스,2021-03-24,11321000,3.1,-2199060,-16.3,879128490,1587,-424,-21.1,112200,24,26
일별 박스오피스,20210406~20210406,6,6,0,OLD,20205155,"조제, 호랑이 그리고 물고기들",2021-03-31,10564660,2.8,641260,6.5,162544460,1155,93,8.8,18249,291,401
일별 박스오피스,20210406~20210406,7,7,0,OLD,20190683,아무도 없는 곳,2021-03-31,8179790,2.2,830940,11.3,132584520,940,115,13.9,15636,256,337
일별 박스오피스,20210406~20210406,8,8,1,OLD,20214847,해길랍,2021-03-31,6862840,1.9,1295630,23.3,99285280,732,132,22,11383,144,177
일별 박스오피스,20210406~20210406,9,9,-1,OLD,20216432,최면,2021-03-24,4609920,1.2,-1012670,-18,471306350,496,-119,-19.3,51661,94,114
일별 박스오피스,20210406~20210406,10,10,0,NEW,20199630,어른들은 몰라요,2021-04-15,2646000,0.7,2646000,100,4428000,294,294,100,492,2,8
일별 박스오피스,20210407~20210407,1,1,0,NEW,20216492,노바디,2021-04-07,97012620,19.3,97012620,100,117403620,11224,11224,100,14137,430,1401
일별 박스오피스,20210407~20210407,2,2,-1,OLD,20197434,자산어보,2021-03-31,83293500,16.6,-4284840,-4.9,1673240940,9587,-504,-5,193324,882,2242
일별 박스오피스,20210407~20210407,3,3,-1,OLD,20215850,고질라 VS. 콩,2021-03-25,85527500,17.1,-4768740,-5.3,5686432550,8892,-388,-4.2,592607,816,2025
일별 박스오피스,20210407~20210407,4,4,-1,OLD,20200703,극장판 귀멸의 칼날: 무한열차편,2021-01-27,72966680,14.6,21740,0,15424065850,7594,62,0.8,1604750,521,1104
일별 박스오피스,20210407~20210407,5,5,41,OLD,20200065,더 파더,2021-04-07,29503710,5.9,29187710,9236.6,51186210,3597,3550,7553.2,5986,338,573
일별 박스오피스,20210407~20210407,6,6,-2,OLD,20205144,미나리,2021-03-03,26404370,5.3,-5759260,-17.9,7983123970,2991,-709,-19.2,883027,438,674
일별 박스오피스,20210407~20210407,7,7,-2,OLD,20216673,더 박스,2021-03-24,13131000,2.6,1810000,16,892259490,1824,237,14.9,114024,14,18
일별 박스오피스,20210407~20210407,8,8,0,NEW,20208616,간이역,2021-02-18,13464000,2.7,13464000,100,22492340,1496,1496,100,2554,5,7
일별 박스오피스,20210407~20210407,9,9,0,NEW,20215750,피넛 버터 팔콘,2021-04-07,12177010,2.4,12177010,100,20483010,1353,1353,100,2245,141,203
일별 박스오피스,20210407~20210407,10,10,0,NEW,20215803,타인의 친절,2021-04-07,8681070,1.7,8681070,100,12611070,1071,1071,100,1514,140,187
