MOVIE_NUM,movie_title,ott_release_month
3,그링고,202003
6,맨인블랙2,201205
9,손오공:색즉시공,201901
11,앵그리버드더무비,201606
12,백조공주:왕실결혼식,202008
14,크레이지리치아시안,201811
16,벌룬,202001
18,프리댄스,202001
22,철권:블러드벤젠스,201309
23,연애의목적,201906
24,블랙클랜스맨,201811
27,마법에걸린사랑,201202
31,전설의파이터,202006
37,슈퍼에이트,201112
39,얼굴없는보스:못다한이야기[감독판],202005
40,그대이름은장미,201901
42,천장지구(1990),201610
55,당갈,201901
57,디센던트,201505
62,그렇게아버지가된다,201402
66,무비43,202004
73,한나,201111
76,엘리자베스(1998),201506
77,아메리칸허슬,201611
84,애프터라이프,202009
86,"동거,동락",201805
87,사랑에빠진여자,201703
91,사랑이눈뜰때,202009
93,데드돈다이,201908
94,상흔,201901
97,백투더퓨쳐3,201506
99,북두의신,202102
104,U311,202012
105,미드나잇선(2018),201807
114,레고배트맨:더무비(2013),201504
116,미니언즈,201701
120,로그시티,202102
121,블러드샷,202005
128,"지금,만나러갑니다",201304
129,더로드(2009),202002
130,어쌔신:더비기닝,201712
133,1987,201802
135,에일리언어브덕션(2014),201804
139,스파이브릿지,201602
141,액슬,201811
147,아이.티.,202003
148,러시:더라이벌,201612
150,복수(1970),201504
151,나홀로집에,201511
152,금발이너무해2(2003),201908
154,각설탕,201904
160,도망친여자,202010
161,우리들,201701
164,관종,201803
165,우리집멍멍이진진과아키다,202003
166,리젠드,202006
169,궁합,201803
176,서울역,201609
177,찌라시:위험한소문,201403
180,0.0mhz,201906
190,저산너머,202006
192,올더머니,201803
198,드럼라인,201905
203,7년:그들이없는언론,201702
210,청춘연애,201705
216,홈프론트-하드액션,202001
218,캠퍼스레전드(1998),202003
220,오르가즘다이어리:브릴리언트러브,201312
221,아자미의모든것,202012
225,셜록홈즈:그림자게임,201504
232,제멋대로떨고있어,202001
237,어바웃타임,201612
239,9월의사랑과만날때까지,201909
243,해피피트2,201504
246,두번할까요,201911
251,선물,201310
255,매직마이크,201612
260,사라진시간(2019)[별도편성][예고편],202102
262,레이니데이인뉴욕,202005
264,잉글리쉬페이션트,201403
269,독고리와인드(2018)[상],201810
272,리노,201903
275,콩:스컬아일랜드,201704
276,스틸라이프,202003
285,프라이빗워,202006
289,작전명덩케르크,201808
290,홈프론트-가족을지켜라,201910
296,천년여우구미호,202012
298,라디오스타,201304
300,우리는같은꿈을꾼다,201712
301,인투더와일드(2007),201910
303,연가시,201906
305,언디스퓨티드:1대100의혈투,201912
309,호날두:세상은그의발아래에,201611
316,소녀검객아즈미대혈전(2003),201905
324,나를찾아줘,201504
325,엄마의레시피,201806
326,버레스크,201411
331,레이디수잔,201612
333,세상의끝에서커피한잔,201511
339,밤의해변에서혼자,201704
341,김복동,201909
349,댄싱퀸,201906
350,스톰둠스데이,201410
356,아파트(2006),201807
362,레고닌자고무비,201710
375,라따뚜이,201405
381,비틀스:에잇데이즈어위크투어링이어즈,201612
383,12피트,201811
385,체게바라:1부아르헨티나,201906
387,미스터캣,201612
388,"소년,소녀를만나다(2016)",201905
397,오션월드[2D],201403
403,사탄의인형2,201506
411,더허니문,202102
417,헤어드레서,201210
418,히트맨2017,201708
420,허리케인하이스트,201804
421,세이프하우스,201206
425,아이엠히어,201611
426,폴리스스토리2-구룡의눈,202004
428,서유기2:선리기연,201205
429,나랏말싸미,201908
431,식스센스,201703
434,퀵,201205
443,용형호제2(1991),201807
445,선물(2019),201910
446,정글(2018),201806
447,마피아Inc,202103
448,튤립피버,201801
452,모탈어페어,201706
453,아틀란틱림,201410
454,라스트솔져스:최후의결전,201810
456,도플갱어(1993),201910
458,아이,202103
462,페르디난드,201802
465,스머프:비밀의숲,201706
466,이스턴프라미스[리마스터링],201605
468,바람[감독판],202011
472,천재강아지미스터피바디,201511
473,순수의시대(2014),201503
475,도굴꾼,202101
478,종횡사해(1991),202004
479,데드풀2:순한맛,201901
482,뉴뮤턴트,202011
490,아메리카뮤직&와일드,201905
505,원브레스,202005
511,강철비,201801
517,역린,201405
520,런던해즈폴른,201701
522,리벤지라이드,202007
525,토네이도걸,201904
530,엑스우먼,201702
534,대니쉬걸,201603
536,굿모닝프레지던트,201904
544,일론머스크:리얼아이언맨,202102
549,유괴(2017),201809
552,국가대표,201907
554,루시드드림,201703
556,마이에그보이,201805
559,배트맨대슈퍼맨:저스티스의시작,201801
561,나를찾아줘(2019),201912
564,오만과편견(2005),201701
565,조선명탐정:사라진놉의딸,201504
568,유로파리포트,201612
570,피도눈물도없이,201303
572,프리스테이트,201802
574,내가살인범이다,201301
575,플래툰,201801
578,그날의분위기,201602
579,담보,202010
580,하이소사이어티,201706
581,스타워즈2:클론의습격,201701
594,홀로코스트,201507
596,사도,201511
597,메이즈러너:데스큐어,201802
598,알카트라즈:죽음의수용소,201911
608,너와100번째사랑,201706
611,호라이즌라인,202102
613,메모리즈[단편],201910
614,딥워터,202007
616,산의톰씨,201802
617,레이싱:더라이벌,201902
622,금의위:비검수춘도,202001
632,고사:피의중간고사(2008),202008
638,철벽선생,201903
642,에브리데이(2018),201810
652,프록시마프로젝트,202011
653,쿵푸요가,201704
655,좋은친구들(2014),201407
656,10년,201912
662,지상최대의작전,201312
665,어메이징메리,201711
677,<소울>나의이웃[별도편성],202103
680,페인앤글로리,202002
684,파워레인져스:더비기닝,201706
688,남산의부장들,202002
689,로켓맨,201907
691,킹아더:원탁의기사,201811
697,헝거게임:캣칭파이어,201403
699,인디펜던스데이[리마스터링],201605
700,젠틀맨,202003
703,라스트미션(2019),201904
719,네무덤에침을뱉어라4,201911
722,가버나움,201902
734,캡틴아메리카2:윈터솔져,201704
735,다이너소어,200802
736,원더,201802
738,에이브의쿠킹다이어리,202007
745,나쁜녀석들2,201111
746,테라포마스,201804
751,에볼루션(2001),202003
753,수영장으로간남자들,201908
755,침묵의목격자,201406
756,킹페타르:세계대전의서막,201909
757,국군29초영화제수상작[군인부],201506
758,파라노말액티비티,201412
761,퀼,202003
768,협도연맹:도둑들의전쟁,201811
777,미술관옆동물원(1998),201605
779,울트라바이올렛(2006),202004
781,빛과철,202103
784,콘스탄트가드너(2005),201805
786,코요테어글리(2000),201801
796,엘프:사탄의인형,201907
800,니말을믿으라는거야?,201603
805,하모니(2009),201904
815,미스비헤이비어,202006
816,벤허(1959),201504
820,성항기병,201909
827,생일,201905
828,정검:금의위,201701
829,와일드시티,202006
833,들개,201811
834,프린세스다이어리2(2004),201708
838,B급며느리,201802
841,만추(1981),202001
850,빈폴,202003
853,고스트버스터즈,201112
854,뱀파이어시스터,201902
858,세인트주디,202008
861,스피릿(2002),201903
865,휘트니,201810
869,진정령난백,202103
870,뉴욕아이러브유(2008),201703
871,라스트보이,202008
872,사랑과영혼2016,201902
878,파힘,202102
882,마을금고연쇄습격사건,201901
896,"나의사랑,그리스",201704
898,슈퍼맨(1978),201503
904,고양이사무라이2,201904
908,마담보바리(2015),201512
912,레드,201306
913,코드8,202007
938,울지마톤즈2:슈크란바바,202002
943,고스트헌터-슈퍼내추럴,202003
945,알포인트,201305
953,부에나비스타소셜클럽2:아디오스,201712
961,보르도우정여행,202006
963,언더더씨,201707
966,더셰프,201601
970,고양이여행리포트,201905
977,포레스트검프,201112
985,타인의삶,201910
986,슈퍼배드,201611
987,과속스캔들(2008),201901
988,전우치,201906
989,레드카펫,201510
990,"아이,토냐",201803
996,백야행,201904
998,컨택트2020,202007
1000,언노운솔저,201806
1001,트라이앵글(2018),201809
1002,광야의40일:시험,202101
1003,마이애미핫가이즈,202010
1011,괴물(2006),202002
1013,전설의주먹,201904
1019,대테러님로드작전,201807
1021,이비자,202009
1023,걸리버여행기,201610
1028,여자가사랑할때,201612
1036,"님아,그강을건너지마오",201612
1037,청년경찰,201709
1038,용문비갑[3D],201612
1040,미드나잇버스,202102
1043,신비한동물사전,201701
1046,베이루트:리미티드아워,202007
1047,로그원:스타워즈스토리,201703
1049,구세주:리턴즈,201709
1051,강남1970[무삭제판],202003
1052,환상속의그대,201612
1055,나쁜녀석들,201112
1056,늑대의제국(2005),201602
1060,"사랑하니까,괜찮아",201304
1061,더라스트오브어스:인류최후의생존자들,201705
1063,오드토머스,201804
1065,온다,202004
1068,방세옥3:천면수라,202010
1069,남매의여름밤,202011
1073,프로디지,201905
1075,폭풍의언덕(2012),202103
1076,역전의명수,201305
1082,4등,201702
1083,싱글맨(2009),201812
1085,브로큰하츠갤러리,202011
1089,대지진(2016),201811
1098,바디오브라이즈,201504
1101,오펀:천사의비밀,201807
1102,코끼리는그곳에있어,202001
1111,신몽키킹:여인천국,201709
1117,나인스라이프,201709
1121,세상의모든계절,201408
1122,하드킬,202103
1124,소림쿵푸:마지막대결,201912
1125,트로이그레이트워,201901
1126,본슈프리머시,201611
1130,인크레더블,201405
1131,7솔져스,201909
1132,USS인디애나폴리스,201901
1133,부러진화살(2011),201704
1134,내어머니의인생,201903
1139,어메이징스파이더맨,201503
1140,간기남(2012),201803
1141,패왕화스페셜포스,201802
1145,람보[특별판],202103
1149,데드캠프,201511
1151,특종병기전랑:마약전쟁,202001
1152,리얼맥코이,201312
1153,폰조,202010
1158,북스마트,202102
1162,아나콘다2:사라지지않는저주,202103
1175,알이씨REC,201407
1177,프로포즈데이,201404
1183,사랑에대한모든것,201501
1185,탈출(1995),201808
1187,딥임팩트,201406
1189,그녀를보기만해도알수있는것,201504
1195,특별수사:사형수의편지,201607
1196,더보이2:돌아온브람스,202003
1201,직지코드,201707
1202,마법사멀린:최후의대결,201702
1209,인시디어스:두번째집,201401
1210,타짜,201906
1212,바시르와왈츠를,201303
1215,더스퀘어,201808
1216,모놀리스,201704
1225,플러버,201409
1233,다이버전트시리즈:얼리전트,202007
1234,말로는힘들어,201305
1236,울프SWAT,201903
1244,엽문[특별판],202004
1254,그녀의비밀정원,202004
1263,트루먼쇼,201207
1269,성판17,201711
1279,지금은맞고그때는틀리다,201510
1283,보헤미안랩소디,201901
1284,아이스브레이커,201901
1285,아이엠넘버포,201707
1295,회초리,201207
1299,버즈오브프레이(할리퀸의황홀한해방),202003
1302,잠깐만회사좀관두고올게,201710
1304,배신자(2019),201911
1319,달콤한인생,201304
1330,사랑과욕망의짐노페디,201707
1334,제인에어(1996),201810
1335,파라다이스좀비,202009
1336,아름다운파도와바다,201705
1337,어댑테이션,202002
1344,헬보이(2004),201904
1350,레고DC슈퍼히어로:플래시[한글자막],201807
1356,대지진(2010),202012
1363,쾌락지구3,201508
1365,찰리컨트리맨,201911
1366,까시,201610
1370,정직한후보,202003
1372,프리즌브레이커스,202012
1378,위아엑스,201706
1379,봉신연의:영웅의귀환,202007
1383,더와이프,201903
1384,로렌스애니웨이,202002
1386,순수의시대(2014)[무삭제판],201504
1388,솔트앤파이어,201804
1390,"나는내일,어제의너와만난다",201711
1393,자칼(1997),201810
1399,7년의밤,201804
1414,행성탈출:최후의전쟁,201803
1415,도즈오브해피니스,202102
1417,앵그리버드2:독수리왕국의침공,201910
1424,킬러의보디가드,202006
1428,씽(2016),201703
1431,호텔룸(2017),201706
1434,탱크:무적의T34,201903
1435,아나콘다(1997),202003
1441,저스티스리그[다국어자막],202001
1442,시카리오:암살자의도시,201808
1443,피아니스트(2002),201711
1451,슈렉,201202
1453,오션스트웰브,201806
1454,수상한그녀,201404
1455,몬스터호텔3,201809
1456,대사건,201808
1464,아이들...,201112
1465,"힘을내요,미스터리",201910
1470,스윙키즈,201901
1471,택스콜렉터,202012
1473,스펙타클워,202007
1486,카오산탱고,202008
1488,카마수트라:뱀의여인,201606
1490,폴리스,202102
1493,크로우즈제로2,201511
1494,디파이언스(2008),201711
1498,서부전선,201901
1499,항거:유관순이야기,201904
1500,콜보이,201809
1508,비열한거리,201906
1509,여자라는이름으로,201810
1510,레디오어낫,202004
1512,세븐데이투리브,201511
1513,용형호제(1986),201807
1515,더윈드:악마의속삭임,202006
1519,신데렐라2(2002),201404
1521,양의나무,201810
1525,퇴마전:마령검의비밀,201508
1528,비밀은없다,201607
1529,마파도2,201305
1532,쥬피터스타쉽,202005
1536,울지마톤즈(2010),201703
1537,공포극장:절규편,201808
1540,케빈에대하여(2011),201903
1555,그녀,201907
1570,극장판반지의비밀일기,201910
1574,고백(2015),201508
1576,비행기[2D],201801
1577,13인의자객(2010),201611
1583,파이란(2001),201910
1588,전장의묵시록(2008),201508
1589,베티블루37.2디오리지널,201611
1592,열정같은소리하고있네,201610
1600,그래도좋아해,201810
1601,리버풀클롭의숨겨진우승스토리,202101
1602,요가학원:죽음의쿤달리니,202011
1604,칠드런오브맨(2006),201802
1606,마다가스카,201308
1608,파수꾼(2010),201811
1609,삼국지:명장여포,202102
1610,히든피겨스,201704
1612,폰부스,201512
1616,마스터(2016),201702
1618,공수도-극진파이터,202005
1622,성기사단:어둠의마법사,202002
1623,델타보이즈,201706
1625,레트리뷰션:분노의복수,201707
1629,드래곤헌터[우리말],201611
1631,단지세상의끝,201702
1638,무사:400vs1,202101
1639,케이프피어,201607
1640,트루스,201701
1641,조블랙의사랑(1998),201904
1643,쿠스코?쿠스코!(2000),201904
1645,섹터4,201911
1647,굿바이레닌,201311
1650,아이스에이지2,201512
1654,반두비(2009),202001
1659,국제시장,201505
1662,도신3:소년도신,201909
1663,헤이트풀8,202007
1666,컨저링:악마의집,202009
1667,지구최후의밤,201908
1674,검신의제국2,202102
1676,자토이치(2003),201911
1680,음양사1(2001),202006
1681,세상끝의사랑,201511
1686,팅커벨,201404
1696,윤희에게,201912
1698,스케어리스토리:어둠의속삭임,202004
1701,변신(2019),201909
1706,우리가이별뒤에알게되는것들,202010
1707,스윈들러,202010
1712,아이엠샘,201504
1715,1940:최강의독일전차부대,201704
1716,시크릿어페어,201807
1721,괴테스쿨의사고뭉치들,201411
1729,촉산전2,202012
1734,프랭크,201901
1736,누구의딸도아닌해원(2012),201905
1740,그린마일(1999),201904
1741,넥스트제네레이션패트레이버4,201612
1744,박사가사랑한수식,202003
1748,서치,201810
1750,인천상륙작전,201608
1754,미녀와야수(2014),201612
1757,프리다,201609
1759,"제자,옥한흠",201901
1765,우이러브,201905
1772,세번째살인,201803
1774,베이비드라이버,201710
1776,메이즈러너:스코치트라이얼,201510
1784,오목소녀(2018),201806
1790,밀리언리틀피시즈,202101
1792,센스앤센서빌리티,201112
1797,스나이퍼:라스트미션,202011
1801,영원한여름,201403
1804,플레이메이커,201909
1811,패딩턴,201501
1813,석양의갱들(1971),201907
1817,쉰들러리스트,201707
1819,무적행운성,201909
1828,마녀(2018),201807
1832,서핑업(2007),202003
1833,학교는끝났다,202011
1834,독고다이,201906
1839,레이디버드,201805
1842,드론전쟁:굿킬,201701
1845,스페셜포스vs분노의좀비,201906
1850,라스트갓파더,201202
1852,트라이앵글,202003
1858,문라이트,201703
1860,이퀼리브리엄,201403
1863,기생수파트2,201511
1864,토이스토리,201405
1867,10미니츠곤,201911
1869,넘버3,200703
1877,굿바이싱글,201607
1878,쇼생크탈출(1994),201504
1887,그녀를믿지마세요,201204
1890,나쁜녀석들:더무비,201910
1891,예루살렘Z:좀비와의전쟁,202003
1892,해리포터와마법사의돌,201701
1899,공각기동대:고스트인더쉘,201705
1900,죽여주는여자(2016),201702
1901,주윤발의도성풍운,201901
1903,스푹스:MI5,201701
1907,더가디언즈,201707
1908,작전명반데라스,201905
1910,미스터앤미스터대디,201811
1912,여자들,201708
1918,너는달밤에빛나고,202006
1921,"오늘밤,로맨스극장에서",201808
1924,화해,202003
1925,덕혜옹주,201701
1932,주먹왕랄프,201612
1937,장화신은고양이,201203
1939,에이리언3,201606
1945,내남자,201611
1952,주키퍼스와이프,201710
1958,박물관이살아있다,201505
1962,메카닉,201701
1968,뮬란2(2020),202101
1971,인턴,201712
1979,삽질,201911
1982,칠드런액트,201907
1984,블랙북(2007),201701
1986,비바리움,202008
1988,택시2,202004
1993,파라다이스로스트마약카르텔의왕,201512
1994,타이페이카페스토리,201309
1996,월터의상상은현실이된다,201410
1999,전망좋은방(1985),202009
2007,작은아씨들(2019),202003
2012,뮬란,201609
2022,뷰티인사이드,201509
2026,시(2010),201605
2029,최후의Z,202001
2031,천주정,201404
2034,특공황비,202012
2035,신과함께:인과연,201809
2045,부활(2016),201605
2046,마스크오브조로(1998),201902
2050,멀리가지마라,202103
2053,박수건달,202002
2056,터널(2016),201612
2060,비질란테,201905
2063,나의인생여행,202012
2066,퍼시잭슨과괴물의바다,201312
2067,100일동안100가지로100퍼센트행복찾기,201909
2068,오직사랑뿐,201802
2069,어쌔신크리드,201702
2070,내여자친구의남자친구,201211
2071,2012,201302
2076,브로크백마운틴,201505
2085,킹아더(2004),201407
2087,캡틴마블,201905
2109,영웅본색(1986),201804
2110,뷰티풀보이,201910
2118,허삼관,201502
2120,마티나:위험한정사,202003
2123,드래곤길들이기3,201903
2126,트라우마센터,202003
2128,봄날은간다,201812
2133,온워드:단하루의기적,202007
2135,스쿨오브락,201211
2137,마이펫의이중생활2,201908
2140,클로이,201302
2145,올마이라이프,202102
2147,나바론요새,201803
2150,JamDocu강정,201203
2151,붉은10월,201506
2153,안나카레니나:브론스키백작의사랑,201810
2155,시크릿인데어아이즈,201605
2161,47미터,201708
2170,소울,202103
2175,완벽한주인,201910
2182,리틀포레스트:여름과가을,201503
2183,미드소마[감독판],201910
2185,아버지의깃발,201504
2193,여인의향기,201506
2194,툼인베이더,201902
2195,춤추는숲,201306
2196,미스터빈의홀리데이(2007),201605
2198,어니스트씨프,202102
2202,하늘이기다려,201707
2204,비포미드나잇(2013),202103
2212,마가렛앤줄리앙:금지된사랑,201712
2225,옆자리괴물군(2018),201910
2226,스윗프랑세즈,201908
2233,밀정,201808
2242,후계자들(2019),202004
2245,레고DC샤잠!매직앤몬스터즈,202004
2254,연평해전,201507
2255,점쟁이들,202010
2256,베어(1988),201512
2257,뮤턴트워,201806
2265,이웃집에신이산다,201909
2274,에이리언2,201606
2286,미스터하트,202010
2293,브레이브언더파이어,202103
2298,나미야잡화점의기적,201803
2302,막다른골목의추억,201904
2305,이트(2016),201902
2314,스페셜포스:화이트마운틴,201804
2315,맨발의기봉이(2006),202006
2316,원더풀고스트,201810
2328,변호인,201504
2329,금발이너무해(2001),201908
2336,한낮의유성,201804
2338,겨울왕국[영어자막],201611
2343,오픈더도어,202004
2345,바람의언덕,202005
2354,구마적,201912
2355,바스터즈:거친녀석들,201406
2357,피치걸,201710
2360,은밀한유혹(1993),201506
2362,장난스런키스(2018),201904
2365,더웨이브,201607
2367,방황하는칼날,201405
2371,몽골,201907
2372,두잇![리마스터링],201509
2380,디어존,201306
2387,아메리칸히스토리X,202001
2389,그린치(2000),201607
2393,아일랜드제로,202007
2394,악질경찰(2019),201904
2397,안나,201909
2398,겟스마트,201504
2399,어떤살인,201511
2402,우리집(2019),201910
2404,스타워즈3:시스의복수,201701
2405,위대한유산,201305
2406,맘마미아,201303
2408,다운시커,202001
2419,신문기자,201911
2422,토르:라그나로크,201801
2426,살인의추억,201906
2431,역모:반란의시대,201712
2434,은실이,202003
2436,반지의제왕2:두개의탑,201701
2438,더킹,201702
2450,김씨표류기,201302
2452,스워드피쉬(2001),202001
2454,OCEAN가입하기,202009
2455,아무도모른다(2004),201702
2457,가비(2012),201803
2460,두근두근(2017),201708
2461,레고무비,201503
2462,빅대디(1999),201902
2465,펄프픽션,201403
2466,강철중:공공의적1-1,201410
2471,퀸오브하츠,201909
2472,리:본,201809
2473,어벤져스,201701
2474,드래곤블레이드:천장웅사,201812
2478,내가고백을하면,202101
2482,아기배달부스토크,201701
2488,레고DC코믹스수퍼히어로:우주전쟁,201603
2489,더웨이백,202004
2491,신데렐라,201305
2493,개를훔치는완벽한방법,201612
2495,작은소망,202008
2497,새구두를사야해,201611
2504,레볼루셔너리로드,201701
2506,워크래프트:전쟁의서막,201701
2508,더원(2001),202003
2512,블라인드,201304
2522,프릭스,202001
2523,가디언즈오브갤럭시VOL.2,201806
2526,특수부대백호2,202103
2531,베이컨시,201707
2536,이태원살인사건,202002
2542,소울오브브레드,201612
2550,자객섭은낭,201907
2551,6솔져스,201905
2558,투문정션,201705
2560,니드포스피드,201701
2568,스페셜포스:블러드마운틴[UHD],201708
2569,김복남살인사건의전말,201304
2579,블랙앤화이트:던오브저스티스,201505
2582,파티마의기적,202012
2587,피터팬:아무도몰랐던이야기,201605
2589,붉은다리아래따뜻한물,201909
2591,교주전:천공의눈,201709
2596,종이달,202001
2598,로그온배틀그라운드,201711
2602,쌍칼,202003
2605,히치하이크,201904
2606,미스터스마일,201901
2607,127시간,201507
2611,벅스라이프,201405
2613,라쇼몽,201312
2616,캐치미이프유캔,201308
2618,일진2,201810
2623,감쪽같은그녀,201912
2629,행복한장의사,201305
2635,트랜스포머3,201112
2637,가베:그녀의숲,202101
2638,마담프루스트의비밀정원,202002
2641,황야의무법자,201811
2642,분노의윤리학,201901
2649,레지던트이블:파멸의날,201703
2651,래디우스,201902
2652,컨저링,201807
2654,맨인블랙:인터내셔널,201907
2657,팅커벨5:해적요정,201405
2662,진주만,201510
2664,크리미널스쿼드,201804
2666,그랜토리노,201504
2668,콘티키:위대한항해,202004
2672,윔피키드(2010),201904
2673,폴리스스토리(1985),202004
2674,108:잠들수없는시간,201812
2697,존말코비치되기(1999),201910
2698,당신이잠든사이에,202003
2703,페임,202004
2704,탐정홍길동:사라진마을,201610
2706,올라프의겨울왕국어드벤처,201804
2711,무협강호,202011
2723,아메리칸뷰티,201305
2734,데스숏컷,202102
2736,고질라(1998),201901
2737,미녀는괴로워(2006),201907
2738,도어락,201812
2740,해안가로의여행,201905
2742,보디가드(1992),201506
2757,슈퍼맨:언바운드,201505
2758,"그날,바다",201805
2763,디바(2020),202010
2764,몬태나,201805
2765,메이메이쇼핑몰의기적,201701
2767,모든것을벗어던진특별한여행,202008
2768,돈,201904
2776,나는부정한다,201705
2777,모범시민,202011
2785,범블비,201901
2786,모터싸이클다이어리,201612
2788,럭키가이,201904
2794,툼레이더2:판도라의상자,201601
2801,키다리아저씨,201410
2808,스윙어:막장불륜멜로,201912
2810,뱅크잡:리뎀션,201801
2813,수퍼배드(2007),202003
2815,서유기:모험의시작,201909
2817,로맨틱홀리데이,201506
2819,더파이브,201909
2820,내부자들:디오리지널,201601
2822,쾌찬차(1984),201807
2824,섹스앤더시티,201504
2828,베일리어게인,201812
2829,후드,201901
2835,존윅3:파라벨룸,201908
2836,포화속의우정,201905
2842,죽지않는인간들의밤,202010
2844,아르고,201504
2847,화이트스톰,201402
2849,"러브,어게인",201711
2853,테슬라(2020),202011
2854,라이언,201705
2861,해리포터와혼혈왕자,201701
2865,도로로(2007),201510
2869,영주의애인,201808
2871,데빌데쓰,201611
2874,해피이벤트,201612
2876,나는보리,202006
2881,25시,202102
2890,비투스(2006),201907
2891,거룩한소녀마리아,201410
2901,엽문리부트2020,202011
2904,고스트라이더3D:복수의화신[3D],201810
2906,잔다라어게인:불멸의사랑파트1,201607
2912,극비수사,201507
2915,요로나의저주,201905
2918,트레저헌터플린,202010
2922,패딩턴2,201803
2923,오션스일레븐(2001),201806
2924,더홀,201311
2932,흐르는강물처럼,201612
2939,펠햄123,201303
2940,커넥트(2020),202101
2943,존라베-난징대학살,201612
2944,레이드:첫번째습격,201612
2945,잃어버린세계를찾아서2:신비의섬,201504
2949,리틀큐,202001
2950,백엔의사랑,201607
2951,크리미널[무삭제특별판],201812
2959,인턴십,201610
2963,프라임러브,201601
2965,가디언의전설,201504
2969,아메리칸갱스터(2007),201811
2970,콜드마운틴,201403
2972,나의소녀시대,201606
2973,배틀그라운드:브릿지전투,201712
2986,당대명포:고수의부활,202004
2994,포스마쥬어:화이트베케이션,201601
3008,쇼걸(1995),202012
3009,프라미싱영우먼,202102
3010,미스터노바디,201908
3012,허밍버드,201901
3013,스카이스크래퍼,201808
3014,사도행자:특별수사대,202003
3024,마담보바리,201504
3026,벤자민버튼의시간은거꾸로간다,201504
3028,펜트하우스코끼리,202009
3031,스파이더맨3[확장판],201709
3036,심야의결투,201504
3039,라이온킹:시그니처콜렉션,201907
3042,천녀유혼2-인간도,202005
3048,1987[가치봄],202009
3052,오션스8,201807
3057,찰스디킨스의비밀서재,201802
3064,펠레:버스오브어레전드,201807
3068,덤앤더머,201504
3072,동창생,202002
3076,엽문4:더파이널,202004
3078,콩나물,201909
3082,아바타,201612
3090,인비저블위트니스,201909
3093,자백,201612
3107,콜리니케이스,202007
3113,안녕베일리,201909
3114,이집트왕자2,201902
3130,사대명포3:종극대결전,201612
3134,스카이라인:라스트워,202102
3135,시월애(2000),201812
3142,서버비콘,201808
3147,딥워터호라이즌,202006
3151,프란츠,201708
3154,깨끗하고연약한,201411
3157,미션임파서블2,201112
3179,이티(E.T),201606
3183,쥬라기월드,201701
3185,이연걸의영웅,201909
3202,게이트,202008
3204,50가지그림자:심연,201703
3205,미스페레그린과이상한아이들의집,201611
3208,사라진밤,201804
3213,변신(2019)[가치봄],202010
3217,스텝업:브레이킹쓰루,201709
3232,장수상회,201505
3236,페이스,201304
3240,미안해사랑해고마워,201611
3245,바람난가족(2003),201408
3246,홀리데이헬,202102
3247,첨밀밀,201606
3255,신용문객잔:피안화의저주,202102
3259,명탐정코난:교토신선조살인사건,201708
3263,트루스어바웃엠마누엘,201509
3264,밥정,202011
3265,태양의노래(2006),201704
3278,도신외전,201908
3293,그레이트월,201703
3294,아무도없었다,202101
3297,트리플스렛,201906
3298,모리의정원,202004
3300,골든슬럼버(2018),201803
3303,브라더베어,201409
3304,바람과함께사라지다(1939),201504
3305,창피해,201410
3308,블리딩스틸,201804
3311,인비저블맨,202003
3312,인디펜던스데이:지구침공,201407
3315,몽키킹제로,201701
3325,큐리오사,201905
3329,죽거나혹은나쁘거나,201910
3332,유다이:죽음의24시간,202101
3333,네무덤에침을뱉어라2,201902
3337,무인곽원갑(2006),201912
3340,각자의미식,201903
3341,무비빅(58회)어벤져스:히어로총정리,201904
3343,안티포르노,201706
3345,황후화(2006),201912
3346,폴리스스토리3-초급경찰,202004
3347,롤러코스터,201310
3349,킬링디어,201808
3354,싸움의기술2[무삭제판],202101
3357,"연애,그참을수없는가벼움",201304
3367,플립(2010),201803
3369,AK-47,202009
3371,건달티처,201908
3372,헬보이2:골든아미,201406
3374,사이코메트리,201904
3376,위험한상견례,201208
3388,인싸,202103
3391,공공의적,201807
3398,미스터주부퀴즈왕(2005),202009
3402,정사:금지된사랑,202001
3409,널기다리며,201901
3411,조커,201911
3416,변산,201808
3417,리벨리온,201304
3423,미스터소크라테스(2005),201608
3424,도그빌,201610
3425,러브에버라스팅,201807
3427,멜로,201404
3428,미스리틀선샤인,201803
3430,"그대,고맙소:김호중생애첫팬미팅무비",202010
3431,된장,201310
3433,28일동안(2000),201901
3439,살인병기,201412
3441,남한산성,201711
3442,신데렐라3,201404
3444,픽셀,201508
3445,바운티헌터스:현상금사냥꾼,201706
3449,악인전,201906
3453,갱스터파라다이스,201909
3454,미성년이지만어린애는아냐,201807
3465,슈렉포에버,201211
3466,바후발리:더비기닝,201611
3468,기묘한이야기:리플레이,202007
3469,라비앙로즈,201905
3471,나는나를해고하지않는다,202102
3477,더블:달콤한악몽,201410
3478,3개의얼굴들,202103
3479,디아블로:분노의질주,201911
3481,맨인더다크,201701
3482,필(2019),201907
3483,러브픽션,201902
3489,예스마담2(1987),201907
3491,나의PS파트너,201906
3492,머시블랙:저주받은아이,202008
3495,"내어깨위고양이,밥2",202101
3496,시라노(1990),202012
3498,몬테크리스토백작(1975),201603
3510,풍운2(2009),201705
3520,블랙헤븐,201210
3535,베이직,202002
3537,이세상의한구석에[한글자막],201711
3540,블랙머니,201912
3549,우리는형제입니다,201911
3560,시티헌터[리마스터링],201512
3569,징기스칸의후예,202011
3575,킹덤,201612
3584,심야식당:식도락,202002
3588,검찰측의죄인,201911
3595,결혼하지않아도괜찮을까,201810
3596,샤잠!,201904
3597,퍼스트리폼드,201904
3598,브레스트요새,201210
3600,늑대의아이들,201911
3620,천사의사랑,201612
3632,애나벨:인형의주인,201709
3634,워위드그랜파,202103
3637,5X2,201603
3640,가문의영광4:가문의수난(2011),202011
3642,펭귄:위대한모험2,201803
3643,딥블루씨,201504
3650,지상최대전투:갈리폴리,201804
3654,강변호텔,201904
3655,완벽한커플,202009
3657,뜨거운녀석들,201612
3666,시실리2KM(2004),202010
3667,저스트프렌드,201911
3674,박화영,201810
3678,캐쉬백,201601
3679,레전드(2015),201610
3683,반도,202008
3688,북스마트[별도편성][예고편],202102
3693,리턴투아나콘다,201805
3704,악의꽃(2019),202005
3707,사랑해도괜찮아(2018),201810
3710,형,201701
3719,비정규직특수요원,201703
3720,백설공주와일곱난쟁이,201505
3733,세상에서고양이가사라진다면,201612
3734,인류멸망:외계인이주는마지막기회,202009
3736,휴고,201205
3738,오리지널씬(2001),201908
3742,적벽대전1부:거대한전쟁의시작,201901
3743,폭스캐처,201612
3744,시간의끝에서널기다려,202103
3748,눈의여왕2:트롤의마법거울,202004
3753,브레이킹더웨이브(1996),202006
3754,풍운제일도,201905
3766,영주,201812
3767,회사원,202002
3769,쏘우:데스머신(2009),201603
3774,기생충:흑백판,202005
3775,살아있는시체들의섬,202007
3778,더히어로,201310
3781,이탈리안레이스,201809
3783,생텀(2010),201901
3784,제로포커스(2009),201603
3787,스텝업6:이어오브더댄스,202007
3799,포화속으로(2010),201707
3801,마르셀의추억,201312
3802,데자뷰(2006),201708
3806,스노우화이트,201910
3807,인사이드르윈,201403
3814,실락원,201803
3816,봄(2014),201912
3822,앤트맨과와스프,201810
3830,해피해피레스토랑,202005
3831,어서오시게스트하우스,202008
3842,채비,201711
3843,SF8:간호중,202007
3844,투모로우랜드,201612
3850,인어공주:매직어드벤처,202008
3854,사도행자2:스파이전쟁,202009
3855,천룡팔부-두전창궁,202103
3856,옹박:리턴즈오브레전드,201901
3865,50가지그림자:해방,201803
3866,뮤지컬브로드웨이42번가,202007
3876,취권3(1994),201808
3884,탈혼이진도:자객의기억,202011
3886,미스터리도굴단:사라진보물,201904
3887,녹차의맛(2004),202002
3893,에이미,201511
3894,인터스텔라,201808
3900,그크신하나님의사랑,202101
3903,사탄의인형(2019),201910
3909,모스트원티드맨,202008
3912,나를구하지마세요,202009
3918,네이비씰:어둠의전쟁,201701
3919,열혈남아(1987),201601
3923,당대명포:의문의주검,201807
3928,타오르는여인의초상,202003
3932,도살장,201701
3934,"안녕,나의소녀",201806
3935,프랑켄슈타인:불멸의영웅,201405
3936,아델라인:멈춰진시간,201612
3946,블레이드러너2049,201711
3951,시라이,202007
3957,검신의제국1,202102
3958,티끌모아로맨스,201112
3959,야간비행,202002
3967,뮬란(2020),202010
3970,위스퍼,201209
3972,색즉시공2,201906
3973,성룡의홍번구,201609
3980,파이널환타지,202003
3983,도쿄느와르,201712
3984,일포스티노,201704
3986,쥬만지:새로운세계,201802
3989,"엘리노어릭비(종합본,3편)",201505
3990,열혈형사,202006
3993,위대한쇼맨,201801
3998,매드맥스:분노의도로,201508
4003,세얼간이[감독판],201912
4004,내일,201804
4008,바람의검심,202101
4014,루시,201410
4017,아이스에이지3:공룡시대,201512
4019,후궁:천년금애[무삭제감독판],201612
4021,테이큰,201805
4023,아저씨,201906
4025,앤트로포이드,201801
4026,버티고,201910
4028,호빗:다섯군대전투,201712
4031,은교,201206
4033,파이널포트레이트,201810
4035,애나벨집으로,201907
4039,우리가족:라멘샵,201906
4043,더탱크,201707
4048,틴틴:유니콘호의비밀,201309
4059,미션임파서블:폴아웃,201809
4061,스캔들(2018),201808
4065,엑소더스:신들과왕들,201501
4068,메가헤드샤크,201808
4077,삼총사[2D],201204
4088,뱅가드[별도편성][예고편],202101
4090,남쪽으로튀어,201810
4092,위풍당당질리홉킨스,201611
4094,비밀의아코짱,201310
4098,원더휠,201802
4102,좋아해줘(2016),201701
4105,데스로드,201908
4108,밀리언달러트러블,202102
4112,분노의질주:더익스트림,201705
4114,팀버튼의크리스마스악몽(1993),201708
4122,무림강호：영웅불패의신화,202008
4125,증인,201903
4126,오션스게임,202007
4130,"광해,왕이된남자",201301
4133,생존:러스트크릭,202011
4136,스포트라이트(2016),201701
4146,스트라튼,201709
4150,작전명발키리(2008),201908
4151,스카이라인2,201812
4155,지구:놀라운하루,201803
4157,산이울다,201606
4158,인간중독,201406
4161,엽문3:최후의대결,201701
4162,다이하드3,201511
4163,드림빌더,202102
4164,잘알지도못하면서,201411
4171,마이리틀자이언트,201701
4172,푸른소금,201205
4177,더울프오브월스트리트,201505
4178,신데렐라(2015),201612
4182,암고양이들,201708
4192,범죄의재구성,201812
4199,아포칼립스2014,201409
4201,무뢰한,201506
4205,블랙호크다운,201112
4207,왓위민원트,201405
4213,운디네,202101
4216,토미리스:전쟁의여신,202012
4217,프로젝트마스,202103
4221,위플래쉬,201612
4223,미이라(1999),201605
4228,판의미로:오필리아와세개의열쇠,201905
4229,게임의법칙:인간사냥,202102
4236,8마일(2002),201810
4240,화이트칙스(2004),201901
4243,코마,202011
4246,오퍼레이션메콩,201705
4247,아이덴티티:11번째환자,202007
4248,플라이트플랜,201707
4252,분노의질주:더맥시멈,201308
4254,대부2,201506
4257,맨인블랙,201203
4264,스파이게임(2017),201709
4266,무방비도시(1945),201808
4278,퓨리어스,201902
4282,녹정기,201909
4285,릴리슈슈의모든것,202001
4292,우리선희(2013),201906
4297,음식남녀(1994),202008
4298,미씽:사라진여자,201702
4308,438일,202101
4309,기도의막이내릴때,202005
4310,미운오리새끼,201611
4312,줄리앤줄리아,201303
4313,팅커벨3,201404
4315,더탱크:KV-1vs팬저,201901
4321,모어댄블루,201906
4328,바람의검심:전설의최후편,201911
4333,썸머타임:아름다운계절,201606
4336,적인걸용의강림,202102
4341,개구리왕국2,201703
4351,화양연화(2000)[리마스터링],202102
4354,타이거하우스,201709
4356,마다가스카3:이번엔서커스다!,201209
4360,"다시,봄(2019)",201904
4361,스모킹에이스(2007),201805
4365,겟머니,202102
4367,너는내운명,201508
4369,식스티세컨즈(2000),201808
4372,일진3,201902
4375,양귀비:왕조의여인,201701
4377,로마에서생긴일(2010),201904
4380,도쿄구울(2017),201910
4382,빅킬,202003
4385,판도라,201701
4391,무비빅158회:씬난다-<잭스나이더의저스티스리그>,202103
4392,거북이달린다(2009),202008
4396,제인의썸머,202006
4398,당신의부탁,201805
4404,스쿠프!,201803
4409,미이라(2017),201707
4412,독도Korea,201112
4414,우는남자,201407
4417,엽문외전,201902
4418,치킨런,201601
4419,에이전트오브디셉션,201905
4424,고지전(2011),201901
4425,엔터더팻드래곤,202007
4428,절대무림신공,201706
4429,쓰리:서바이벌아일랜드,201808
4432,세인트아가타,202003
4433,"안녕,형아",201408
4439,앤트맨,201903
4440,미션임파서블3,201201
4448,나의한국어선생님,201905
4449,해리포터와불사조기사단,201701
4457,반지의제왕3:왕의귀환[확장판],201606
4463,호텔아르테미스,201810
4464,하트의전쟁,201909
4465,황산벌(2003),201605
4472,용서는없다,201310
4473,범죄해결특수반,202006
4479,특수요원K,202006
4483,람보:라스트워,201912
4485,삼국지:명장관우(2011),201910
4490,찬실이는복도많지,202004
4506,파리로가는길,201709
4508,몬스터런,202011
4510,나는살을빼기로결심했다,202009
4515,코러스(2004),202003
4517,나이트언데드,202101
4519,죠죠의기묘한모험-다이아몬드는부서지지않는다제1장,202007
4521,오!브라더스,201612
4524,경호원,202004
4527,아이엠마더,201904
4529,어카운턴트,201701
4530,베놈,201811
4537,죄와벌,201906
4542,더터닝,202004
4554,무협양축검접,201803
4556,눈의여왕[2D],201302
4557,고질라(1954),201312
4560,엘리제궁의요리사,201504
4561,봉오동전투,201909
4565,죄많은소녀,201810
4569,블러드다이아몬드파이널,201902
4572,공포의신생아실,201907
4573,도쿄트라이브,201912
4574,아메리칸울트라,201602
4585,크랙(2009),202003
4589,스페셜포스:블랙마운틴,202005
4590,메리포핀스[한글자막],201305
4597,로봇전쟁,201710
4610,더히어로(2019),202007
4617,쓰리썸머나잇[무삭제판],201508
4621,강시선생3:영환도사,201909
4623,그레텔과헨젤,202007
4630,프랑켄슈타인(1994),202004
4632,스니치(2013),202103
4635,왕자와무희,201701
4638,"두뇌유희프로젝트,퍼즐",201304
4648,아사코,201904
4651,레미제라블:25주년런던라이브공연,201301
4653,28주후,201505
4657,맨온렛지(2012),202005
4660,원더풀라이프(1998),201801
4670,소년은울지않는다,202003
4675,델마와루이스(1991),201908
4677,교실안의야크,202011
4682,명장,201508
4685,일개인적무림,201504
4686,에브리바디원츠썸!!,201611
4688,본콜렉터,201707
4691,강시선생(1985),202007
4698,퍼스트러브,202012
4703,좀비헌터,201708
4706,캐롤,201907
4707,히트맨:에이전트47,201510
4713,진실금지구역,201710
4715,도망자(1993),201505
4716,캐리비안의해적:세상의끝에서,201907
4721,아일라,201806
4727,28세미성년,201812
4728,미드소마,201909
4731,인비저블게스트,201710
4736,노베이비즈온더필드,201607
4737,블랑섹의기이한모험,202002
4738,택시운전사,201709
4740,더블,201612
4747,킬유어프렌즈,201712
4749,우행록:어리석은자의기록,201901
4755,다이하드4.0,201511
4767,고양이집사,202006
4770,밀정1930,202012
4776,다가오는것들,201610
4787,미션이스탄불,201708
4791,나의특별한형제,201905
4792,더테이블,201709
4793,영웅본색2,201804
4798,우주로봇씨어,202008
4800,언페이스풀,201904
4801,콰이어트플레이스,201805
4804,"굿바이,입술",202008
4806,그날이온다,202101
4807,싱글라이더,201703
4808,소두라,201811
4812,<소울>조가드너를만나다[별도편성],202103
4813,로쿠로쿠요괴괴담,201811
4824,샤크프렌지,201907
4827,무림타이치-장삼풍,202011
4828,보통사람,201704
4831,콘스탄틴,201504
4836,월-E,201305
4839,마녀를잡아라,202012
4842,황비홍3:사왕쟁패,201512
4843,독수인심,202004
4845,특수요원,202011
4854,에베레스트,201701
4859,마리아칼라스:세기의디바,201907
4861,셰익스피어인러브(1998),202001
4863,미션(1986),201912
4865,인디아나존스-최후의성전,201402
4866,부탁하나만들어줘,201812
4868,오살,202009
4874,스타워즈:깨어난포스,201701
4878,유열의음악앨범,201909
4884,뉴폴리스스토리[리마스터링],202006
4890,윔피키드2(2011),201904
4891,당신이사랑하는동안에(2004),201907
4901,서바이벌리스트,201612
4908,부다페스트로큰롤,201904
4911,더원아이러브,201907
4912,곡성,201606
4915,기담,201501
4916,언디스퓨티드(2002),201803
4919,양철북[무삭제감독판],201711
4922,28시간후:더비기닝,202007
4928,그레이의50가지그림자[무삭제],201612
4930,신기전,201904
4931,퍼펙트건맨,202102
4934,마션,201511
4936,이스케이프룸,201706
4937,퍼스널쇼퍼,201704
4943,샤오린2017:소림고수전,201710
4946,드래곤길들이기,201211
4955,캐리비안의해적:죽은자는말이없다,201806
4957,보헤미안걸,201902
4976,타이탄,201504
4979,닥터슬립,201912
4987,염력,201803
4994,"러브,비하인드",202003
4999,한니발(2001),201904
5007,사라져버린,202101
5016,나는전설이다,201505
5020,주먹왕랄프2:인터넷속으로,201902
5022,정상회담살인사건,201901
5026,오마이그랜파,201611
5031,눈길(2017),201705
5038,오네긴,201304
5039,이클립스(2010),201812
5041,짝패(2006),201606
5042,발몽,201312
5050,더그레이(2011),201804
5057,나나(2005),202003
5061,우리삼촌,201803
5064,운명의칵테일,202004
5069,지니어스독,202009
5076,킹덤(2019),202005
5081,아뉴스데이,201704
5084,라스트특공대,202102
5085,코코,201802
5086,뷰티풀데이즈,201812
5087,보헤미안랩소디싱어롱추가팩,201901
5088,방울토마토,201403
5089,이동진의라이브톡-그린북,201902
5090,무협:강호수사대,201906
5091,CJ7:장강7호[중국어더빙],201703
5096,왕의남자,201305
5098,스탠리의도시락,201612
5099,셰임,201912
5100,창세기이야기,202101
5104,아웃포스트(2020),202010
5105,옹박-무에타이의후예,201404
5107,테이크다운,201612
5112,책도둑,201610
5114,고래사냥,201811
5116,국가대표2,201609
5119,어글리돌,201907
5121,레슬러,201805
5122,태양을덮다,202103
5130,아디오스,202008
5131,나폴리:위험한유혹,201812
5132,리바이어던,201504
5134,포르투나의눈동자,201912
5135,스파이더맨,200803
5136,페어런트트랩,202004
5142,스피닝맨,201904
5145,베리드(2010),201906
5155,아슈라,202007
5157,천녀유혼3-도도도,202004
5168,비밀,201404
5169,데블스오운(1997),201902
5170,빙봉협:시공행자,201904
5178,위시어폰,201709
5184,궁(2013),201903
5188,하루(2017),201707
5193,애나벨,201807
5194,드림랜드,202102
5197,오늘의연애,201502
5198,체포왕,201610
5200,마음에부는바람,202011
5203,레이디와트램프,201701
5206,애프터:그후,202010
5214,레이디맥베스,201708
5218,어린왕자(2015),202102
5220,원더우먼1984,202101
5221,리오,201505
5222,타타라사무라이,201807
5226,유령선,202005
5228,경찰서를털어라(1999),202003
5229,쥬라기공원3,201612
5230,적인걸2:신도해왕의비밀[감독판],201901
5231,인세인,202102
5232,공작부인:세기의스캔들,201302
5234,K-19위도우메이커(2001),202002
5236,아가씨,201611
5240,하녀(2010),201612
5241,두개의달,201208
5244,리틀프린세스소피아:진정한용기,201901
5252,캠퍼스S커플,201809
5262,핀란드메탈밴드,202004
5263,미드웨이(2019),202001
5266,인투더스톰,201504
5269,토이스토리4,201910
5271,아이덴티티(2003),201707
5280,명당,201810
5282,더마우스,201907
5284,밀애,201906
5287,명탐정피카츄,201906
5298,해바라기,201301
5299,언더파이어,201805
5308,아이스틸씨유,201901
5322,아쿠아맨,201901
5326,더블패티,202103
5329,식스틴블럭[특별판],201911
5331,파라다이스힐스,202003
5333,닌자어쌔신,201504
5336,퓨리,201412
5337,배심원들,201906
5344,셜록홈즈,201504
5348,장교와스파이,202012
5351,에어포스원,201707
5352,맨오브스틸,201503
5356,록키2(1979),201812
5361,어메이징스파이더맨2,201503
5366,사과씨의맛,201911
5367,12몽키즈(1996),201605
5372,화려한휴가,201304
5373,로드투로마,201712
5375,바베트의만찬(1996),201910
5377,해피해피브레드,201208
5381,방세옥-천하대전,201907
5385,덩케르크,201712
5388,침묵,201711
5395,타잔(1999),201404
5397,즐거운인생,201303
5398,데스위시(2018),201810
5400,데스레이스(2008),201405
5405,올드보이[리마스터링],201312
5406,엘♥디케이러브하우스,201911
5414,다만악에서구하소서,202009
5416,라이프(2017),202002
5419,아이필프리티,201807
5422,해피댄싱,201811
5424,트윈스터즈,202002
5434,모비딕(2011),201901
5437,"열여덟,열아홉",201612
5438,제7기사단,202006
5441,콜로니,201402
5443,체신,201911
5445,소드마스터:절대강호의죽음,201706
5447,악마의씨,202102
5451,다크아이리스,201810
5460,비독:파리의황제,202009
5463,리턴투센더,201701
5464,그여자작사그남자작곡,201505
5466,샷콜러,201805
5468,다이하드2,201510
5470,고질라(2014),201610
5474,러브레터(1995),202101
5475,도살자들:돌아온텍사스전기톱살인자,202102
5483,인간실격,202005
5489,플라워쇼,201611
5491,포커스,201711
5493,뷰티인더글라스,202102
5499,함정(2015),202102
5504,트레이닝데이(2001),201803
5508,마더!,201711
5509,아이스맨,201403
5512,신밧드:7대양의전설,201811
5514,고양이와할아버지,202004
5520,겟아웃,201706
5522,침입자들,201909
5523,하늘에서음식이내린다면2,201312
5529,가스등,202008
5532,투빅맨,202010
5535,배틀로얄[무삭제판],201606
5536,에멜리,202012
5537,퍼펙트게임(2011),201807
5541,13구역:크로스파이어,201205
5552,앨빈과슈퍼밴드:악동어드벤처,201701
5557,스타워즈5:제국의역습,201701
5558,화광여인,201912
5562,웜바디스,201612
5563,피델리티,202004
5565,365일:비밀의여자,202102
5568,니모를찾아서[2D],201701
5576,센츄리온,202008
5581,크로우즈제로(2007),201607
5588,리-에볼루션,201810
5593,공작,201809
5599,래비지,202010
5601,아메리칸패스토럴,201706
5605,러브액츄얼리,201601
5614,시리아나(2005),202001
5619,파울볼,201504
5633,송가인더드라마,202103
5634,노인을위한나라는없다,201211
5636,다크워터스,202004
5642,호밀밭의반항아,201811
5646,스튜어트리틀2(2002),202004
5654,스푸트닉,202102
5660,경계에서꿈꾸는집,202007
5668,멜랑콜리아(2011),201705
5669,대부,201506
5671,사랑의선물,201910
5678,내친구의사생활(2008),202006
5683,무서운이야기3:화성에서온소녀,201606
5685,올드가드인런던,202008
5699,브이아이피,201709
5700,까미유끌로델,201612
5703,조작된도시,201703
5706,뉴문,201407
5707,로미오와줄리엣(1968),201812
5708,33,201604
5715,강철대오:구국의철가방,202008
5719,마일22,201809
5720,더문(2009),202002
5722,레이드2(2014),202009
5724,아홉살인생,201410
5725,에스코바르,201811
5730,에베레스트(2019),202007
5735,아이엠우먼,202101
5738,장산범,201709
5740,와이키키브라더스,202003
5741,만신,201911
5742,백투더퓨쳐,201506
5743,마지막황제,201503
5760,멋진하루,201304
5763,인어공주(1989),201912
5765,나우유씨미:마술사기단(2013),201810
5767,검우강호(2010),201611
5770,위시유,202101
5774,언피니시드(2010),201805
5776,선희와슬기,201904
5781,인생은아름다워(1997),201903
5786,천녀유혼(2011),201702
5787,미스푸줏간[무삭제판],201706
5790,트립투스페인,201805
5795,백문오갑,202101
5796,엑스맨2,201505
5797,헌터킬러,201901
5803,사랑과영혼,201301
5809,좀비아포칼립스,202012
5819,족구왕,201508
5821,사랑과영혼:헬로우고스트,202011
5822,비거스플래쉬,201612
5825,쇼독스:언더커버캅스,202007
5826,단장검,201504
5827,고스트스토리,201801
5835,혈투,201407
5839,항마전:황금룡의부활,201808
5841,용의자X의헌신(2008),202006
5843,해피투게더(1997)[리마스터링],202103
5844,님포매니악볼륨1,201407
5848,응보,202009
5853,설국열차,201404
5854,스킵트레이스:합동수사,202103
5855,대호,201601
5857,데드워터(2019),202005
5867,로베르토의특별한일주일,201605
5871,적벽대전2부:최후의결전,201901
5875,시크릿가든,202008
5877,나홀로집에2,201511
5879,"크레이지,스투피드,러브",201504
5881,도가니,201201
5892,인크레더블2[디지털특별판],201810
5893,클로저,201302
5894,삼국지:용의부활,202002
5896,소원,202009
5904,레드스프링아포칼립스,201901
5909,파이널리벤지,202101
5912,밀리언달러베이비(2004),201901
5913,짱[무삭제판],201903
5914,젊은이의양지,202011
5922,사자,201908
5924,"메리,퀸오브스코틀랜드",201903
5931,의적로빈후드,202003
5938,코드명J,201210
5944,스테이트오브플레이,201404
5946,엑시트,201909
5955,언더월드(2003),201602
5964,언더워터,201610
5966,몽타주,201901
5969,밤비,201701
5970,유주얼서스펙트,201201
5971,곰돌이푸다시만나행복해,201811
5977,메이즈러너,201801
5981,도쿄오아시스(2011),201908
5982,스카이아크:지구최후의날,201510
5985,빌리엘리어트(2000),201702
5987,청담보살,201508
5991,애정중독,201701
5993,폴레트의수상한베이커리,201512
5994,난징!난징!,202010
6002,나이팅게일(2020),202101
6003,침입자(2020)[별도편성][예고편],202102
6004,블러드머신,202102
6008,문라이즈킹덤,201302
6009,타임라인(2003),201510
6017,사바하,201903
6024,신패왕화:예스마담,202103
6026,아이언맨2,201505
6031,당신이잠든사이에(1995),201612
6034,파운더,201705
6038,볼리션:미래를보는자,202103
6039,야누스:욕망의두얼굴,202003
6044,신의한수,201408
6047,행복한라짜로,201908
6048,트리플엑스(2002),202004
6049,나이스걸라이크유,202012
6052,카센타,201912
6063,잠수종과나비,202011
6065,포세이돈(2013),201409
6069,라스트레터(2018)[별도편성][예고편],202103
6073,알렉산더(2004),202002
6075,웨이다운,202103
6080,롤플레이2:동침,201907
6082,내부자들,201601
6090,판더믹,201808
6094,"어디갔어,버나뎃",202010
6096,공주와개구리,201706
6099,비포선셋,201504
6102,브레이븐,201809
6122,88분,202004
6131,더페이버릿:여왕의여자,201904
6136,포드V페라리,202001
6143,명탐정코난:괴조전설의수수께끼,201708
6157,편지,201308
6167,엑스맨:아포칼립스,201607
6169,복수의밤,202102
6172,더리더:책읽어주는남자,201701
6176,암수살인,201808
6177,나의청춘은너의것,202005
6178,스카이라인:더비욘드,201904
6181,[OCEAN공개]하이큐!!또다른도전,202103
6188,우아한거짓말,201405
6189,오버드라이브(2018),202001
6190,경계선,201911
6193,미션임파서블:로그네이션,201509
6195,대전차특공대:스페셜포스,201711
6201,적인걸:측전무후의비밀,201812
6203,더포스트,201804
6207,2046[리마스터링],202103
6208,연애완전정복[무삭제판],202009
6216,복수는나의것,201410
6219,앱솔루틀리애니씽,201612
6222,진정령생혼,202007
6223,로스트인파리,201705
6226,가족의탄생(2006),201612
6233,에움길,201907
6236,에이리언:커버넌트,201706
6242,토이스토리2,201703
6245,네가원한다면,201902
6249,음치클리닉,201301
6252,헤븐퀘스트,202007
6260,먹거나먹히거나,201910
6271,레컨,202103
6275,포카혼타스,201405
6279,맞짱의신:시라소니,202007
6281,라이온킹2,201612
6287,두근두근내인생(2014),201910
6288,데이라이트,201903
6301,외전혜옥란,201909
6303,태풍이지나가고,201611
6306,러브,201209
6319,간첩,201211
6323,범죄도시(2017),201711
6324,용쟁호투:전설의시작,201804
6326,로스트:직소퍼즐,201809
6327,"색,계(2007)",201907
6329,레드배드,201811
6330,사운드오브뮤직(1965),201603
6332,신요괴전:나타요해,201910
6334,들개들,202008
6336,차일드44,201612
6340,트랜스포머,201111
6343,더렌탈:소리없는감시자,202009
6346,UFO스케치,202103
6349,미션임파서블:고스트프로토콜,201203
6350,헬로우고스트,201508
6352,파크,201711
6360,체인질링,201701
6362,용의자,201902
6364,내가널사랑할수없는10가지이유,202002
6365,안경(2007),202003
6369,리턴(2007),202007
6372,어떤관계,202011
6373,택시드라이버,201210
6377,저스티스리그,201712
6381,찰리와초콜릿공장,201610
6394,미션:톱스타를훔쳐라,201509
6396,어스인베이젼,202101
6402,절대연필,202003
6405,가나의혼인잔치:언약,202012
6412,트랜스포머:사라진시대,201409
6413,라푼젤,201908
6417,어롱웨이다운,201701
6424,슬리핑위드아더피플,201511
6430,타운,201504
6432,독고리와인드(2018)[하],201810
6436,윈드리버,201709
6444,미션임파서블1,201808
6450,슈퍼맨2(1980),201503
6451,트리플엑스2:넥스트레벨,202003
6453,항거:유관순이야기[가치봄],202009
6457,사랑하기때문에,201701
6458,트랩(2007),202012
6462,컨트랙티드2,201902
6467,폴라익스프레스,201504
6468,표적,201406
6470,하이스쿨뮤지컬(2006),201812
6475,메리미,201610
6476,죽이러갑니다,201407
6477,이모티:더무비,201708
6479,호두까기인형과4개의왕국,201901
6487,아라한장풍대작전,201305
6490,엑스마키나,201502
6491,<소울>의음악[별도편성],202103
6494,디어미,201207
6497,이니시에이션러브,201701
6498,달나라에사는여인,201912
6500,에이아이,201504
6506,울프콜,202003
6515,래빗홀(2010),201612
6518,크림슨타이드(1995),201711
6520,툴리,201812
6521,더시크릿(2021),202101
6522,질투,202004
6524,"그아이의,포로",201904
6525,대부:끝나지않은이야기,201612
6531,맹룡과강,201909
6533,익스펜더블3,201911
6544,동갑내기과외하기,201410
6550,나이트크롤러,202004
6555,하이큐!!또다른도전,202006
6564,다운폴,201401
6565,에이지오브투모로우,201612
6566,새벽의저주:좀비랜드,201710
6568,아이즈온미:더무비,202011
6574,반교:디텐션,202008
6579,슈퍼맨리턴즈,201504
6580,보리vs매켄로,201805
6588,리틀포레스트2:겨울과봄,201508
6591,상은:너에게중독되다,201906
6593,체인지오버,201910
6594,고스트오브워,202009
6608,[OCEAN공개]겨울밤에,202102
6612,펠론(2008),201903
6621,내이야기!!(2018),201804
6636,페르시아의왕자:시간의모래,201402
6637,공수도,202009
6647,석조저택살인사건,201705
6650,엑스텐션(2003),202006
6654,뱅가드,202101
6657,동사서독리덕스(2008),202007
6662,테러시티22,201907
6664,패스트앤퓨리어스-도쿄드리프트,201506
6670,롬멜:사막의여우,202009
6673,바람과함께사라지다(2012),202011
6679,미이라2,201701
6691,악마를보았다,201112
6693,맹진사댁경사,201812
6703,내겐너무어려운연애,202102
6704,작은아씨들(1949),201605
6706,백두산[가치봄],202009
6708,톰과제리,202103
6711,월드워Z:아포칼립스,201912
6714,파퍼씨네펭귄들(2011),201708
6715,크롤(2019),201912
6718,인투더포레스트,201711
6728,몽상가들(2003),201911
6729,애니멀크래커,202008
6732,시크릿레터,201712
6741,카운트다운(2019),202001
6743,인셉션,201503
6744,러브앳,201912
6745,인생후르츠,201901
6748,헬렌:내영혼의자화상,202103
6750,오타쿠에게사랑은어려워,202010
6752,좀비랜드:더블탭,201912
6755,파파로티,201612
6774,노굿디드(2014),201602
6782,1941:세바스토폴상륙작전,201605
6783,바다의뚜껑,201610
6789,라라걸,202005
6791,T-34,201906
6800,소스코드(2011),201810
6802,헤이와이어(2012),202012
6806,콜드체이싱,201904
6807,우리형(2004),201606
6812,터미네이터:제니시스,201810
6814,상류사회(2018)[확장판],201812
6817,스위트노벰버,201507
6819,촉산전,201403
6821,너의여자친구,201912
6829,7번방의선물,201812
6830,얼론,202011
6832,태양의소녀들,202011
6834,썬샤인패밀리,202007
6835,내셔널트레져:비밀의책(2007),201904
6841,잘나가는그녀에게왜애인이없을까,201903
6844,오페라의유령:25주년특별공연,201204
6847,난그녀와키스했다,201508
6848,가려진시간,201701
6849,쿠르스크,201901
6853,피의자:사라진증거,201506
6855,마이걸(1991),202004
6858,그녀에게[리마스터링],201601
6859,침묵의시선,202002
6864,호빗:뜻밖의여정[확장판],201612
6865,당신에게도사랑이다시찾아올까요?,201310
6871,계춘할망,201607
6879,"나,다니엘블레이크",201701
6880,언더워터(2020),202006
6885,몰리스게임,201809
6886,엽기적인그녀,201308
6891,그곳에서만빛난다,201703
6898,리허설,201702
6914,자금성금의위,202009
6916,언노운솔저디오리지날,201906
6918,아기돼지3형제와쿵푸랜드,201802
6924,300(2006),201503
6927,47미터2,201910
6934,환타지아(1940),201811
6943,미쓰홍당무(2008),202009
6948,천문:하늘에묻는다,202001
6952,니딩유:고남과녀,201909
6954,러브앤프렌즈,201609
6957,영웅:천하의시작(2002)[무삭제판],202007
6958,퀸카로살아남는법,201203
6959,아웃오브아프리카(1985),201904
6962,후크(1991),201901
6964,미녀삼총사2:맥시멈스피드,201209
6970,빅샤크:매직체인지,201807
6972,액트오브디파이언스,201805
6973,오빠생각,201810
6974,퍼펙트머더,202001
6975,싱스트리트,201611
6977,작전명D-DAY,202001
6984,검투사아틸라,201612
6985,진링의13소녀,201311
6986,빈(1997),202001
6994,럭키몬스터,202012
6997,뷰티풀뱀파이어(2018),201810
7000,최저,201911
7001,기생충,201907
7013,영웅:천하의시작,201904
7015,군함도[감독판],201712
7020,마리오네트,202103
7022,엑스맨:퍼스트클래스,201505
7025,레지던트이블4:끝나지않은전쟁,201303
7027,기술자들,201808
7033,도망자2,202001
7034,미녀와야수[시그니처콜렉션],201704
7038,영웅호색소패왕:세명의신부,201907
7042,군함도,201709
7054,비홀드마이하트,202006
7056,발칸라인,202005
7059,슈퍼배드2,201611
7061,원스어폰어타임인아메리카[감독확장판],202006
7063,오페라의유령(2006),201805
7068,최종병기활[확장판],201607
7069,무인곽원갑:금강대전,202103
7070,스누피:더피너츠무비,201601
7083,서유기:월광보합,201206
7093,아수라도,202103
7096,에이전트레드,201601
7102,허큘리스,201608
7109,라스트베르메르,202103
7120,뮤직앤리얼리티,202102
7121,논스톱(2014),201405
7124,프로젝트A(1983),202005
7133,간이역,202102
7135,유브갓메일,201512
7136,비밀애(2018),201802
7139,쇼크웨이브,201711
7141,간신,201506
7142,러브인비즈니스클래스,202003
7143,내안의그놈,201902
7146,콘트라밴드(2012),201805
7150,감각의제국(1976),201907
7151,호수괴물,201703
7152,강시:리거모티스,201902
7155,금의위3:황제의검,202008
7156,영화판(2012),201812
7157,클럽버터플라이(2001),201908
7159,심야식당(2015),202007
7160,인필트레이터:잠입자들,201610
7163,연애소설,201212
7169,비밀이아닌이야기,202101
7173,사채왕페그,202009
7182,인디펜던스데이:리써전스,201611
7185,엘리트,201805
7203,303전투비행단,201905
7204,제이슨본,201611
7206,치어댄스,201709
7208,맨체스터바이더씨,201704
7209,괴담,201812
7211,버닝(2018),201806
7214,커뮤터,201803
7216,언플랜드,202101
7220,백조공주:왕가의비밀(2014),202003
7221,반지의제왕2:두개의탑[확장판],201606
7222,오늘의키라군,201709
7228,메시지맨,201908
7229,자칼이온다,202006
7230,복면달호,201511
7232,음양검:간장막야,202007
7233,엘스톰:부패방지수사국,202012
7247,밴티지포인트(2008),201405
7251,범죄와의전쟁:나쁜놈들전성시대,201311
7253,쿵푸팬더(2008),201807
7256,블랙사이트,201905
7260,타임패러독스,201512
7261,클로젯,202003
7263,퍼시픽림:업라이징,201804
7269,빌로우허,201709
7271,와호장룡무림강호,201912
7272,롱리브더킹:목포영웅,201907
7278,슈퍼햄찌,201910
7286,최악의하루,201910
7287,비트(1997),201812
7291,백악관최후의날,201306
7292,위험한정사(2015),201811
7293,굿모닝하트에이크,201401
7294,혼노지,201810
7298,미드나잇인파리(2011),201908
7300,마이스파이,202005
7301,투러버스,201901
7305,도묘필기:제국의서막,201807
7311,페이퍼보이:사형수의편지,202011
7312,초능력자,201910
7317,부에노스아이레스제로디그리,202103
7321,라스트레터,202102
7322,폴워커의네고시에이터,201903
7327,진범,201908
7336,위베어베어스더무비,202009
7337,쿵푸트래블러:남권,201810
7340,몬스터헌터,202102
7353,크루즈패밀리[2D],201411
7354,스테이션7,201712
7359,월요일이사라졌다,201803
7360,와일드카드,201204
7361,아쿠아슬래시,202007
7363,집으로...,201909
7366,명탐정코난:검은조직과의대결,201709
7368,프란치스코,201811
7373,프리즌,201704
7376,쥬만지:넥스트레벨,202002
7380,배틀필드전쟁의사상자들,201802
7391,시동,202001
7394,점퍼:더비기닝,201904
7401,굿나잇마미,201701
7406,팅커벨4:날개의비밀,201308
7410,톰보이,202005
7413,웰컴투동막골(2005),201901
7416,나의서른에게,201711
7417,슈퍼펫,202008
7421,콜래트럴(2004),201211
7428,타락천사[리마스터링],202103
7429,사울의아들,201701
7431,아드레날린242(2009),202003
7432,1945항일전쟁,202102
7433,포스오브네이쳐,202007
7437,맘마미아!2,201809
7442,식물도감,201806
7444,데어윌비블러드,201403
7445,액트오브밸러:최정예특수부대,202001
7447,스티븐시걸의테이큰파이널,201906
7449,로얄어페어(2012),201906
7450,썬더와마법저택[우리말],201404
7457,애프터(2019),201909
7458,어둔밤,201809
7459,스파이더맨:홈커밍,201709
7461,돈존,201611
7463,스텝업4:레볼루션,201211
7464,본얼티메이텀,201611
7465,극한직업,201903
7468,주디,202004
7472,라스트프론티어,202101
7476,가타카(1997),202003
7481,묵공(2007),202006
7482,올이즈로스트,201404
7485,더워리어:돌아온전사,201811
7488,박물관이살아있다:비밀의무덤,201612
7489,탱크투베를린,202012
7501,여교수의은밀한매력,201408
7506,미션이스탄불4:익스트림데이,201810
7507,실종(2008),202009
7509,블루아워,202008
7514,환상특급이야기,201902
7525,세비지그레이스(2007),201707
7530,덫[무삭제판],201707
7531,정무문(1972),201910
7532,마음이,201406
7538,미옥,201711
7541,아티스트봉만대,201611
7544,혹성탈출:반격의서막,201411
7546,그때그사람들,201407
7547,사랑방선수와어머니(2007),202006
7559,<소울>미리보기[별도편성],202103
7560,프로포즈(2009),201411
7563,빠삐용(2017),201903
7568,스타게이트(1994),201505
7570,아이캔온리이매진,202007
7577,아웃레이지비욘드,202001
7583,무서운이야기들:겟아웃,202012
7586,소년시절의너,202008
7588,리멤버,201903
7590,겨울전쟁:105일간의전투,201908
7591,발레리안:천개행성의도시,201710
7592,사일런싱,202102
7596,미스터트롯:더무비,202011
7602,블루버드인마이하트,202103
7603,스파이더맨:뉴유니버스,201902
7606,타임랩스,201501
7607,팅커벨6:네버비스트의전설[한글자막],201504
7608,매트릭스2:리로디드,201808
7619,나의별에게,202103
7620,러브레시피,201709
7624,더룸,201910
7625,아직사랑하고있습니까?,201912
7628,스페셜포스:블러드마운틴,201707
7629,R.I.P.D,201311
7633,사운드웨이브,202010
7636,말죽거리잔혹사,201201
7640,하드어택,201702
7641,어덜트월드,201906
7642,우리동네(2007),201901
7646,우리생애최고의날,201909
7647,걸온더트레인,201703
7650,블랙아웃:인베이젼어스,202008
7652,피터팬(2003),202102
7653,킥복서더레전드,201807
7662,미이라리턴즈,201909
7666,일진시즌2:도깨비,201909
7670,작은새,202101
7671,007제로,201710
7674,함정(1999),201901
7678,안소니짐머(2005),202101
7679,캣츠앤독스2,201504
7685,섀도우헌터스:뼈의도시,201311
7693,니키타[리마스터링],201607
7697,탐정:더비기닝,201511
7699,브레이킹던part1,201601
7709,검은사제들,201610
7713,소림사십팔나한,202007
7718,호스티지(2005),201912
7719,다우트(2008),201811
7720,피치퍼펙트,201307
7725,립이어:자학의성,201709
7731,13구역-언리미티드,202101
7732,내가죽던날,202012
7734,스시장인:지로의꿈(2011),202103
7738,엣지오브더월드,202009
7743,더퍼지,201401
7747,도검소,201407
7749,형사,201212
7754,겟어웨이걸스,202103
7758,론서바이버:아미오브원,202102
7761,추격자(2008),202009
7765,빅샤크3:젤리몬스터대소동,202008
7774,엄마바람피게하기,202001
7775,P.S온리유,201912
7782,적인걸:심해용궁,202010
7803,퍼니셔(2004),202003
7817,더티댄싱-하바나나이트,201403
7819,베토벤,201505
7820,브루클린,201606
7822,언힌지드,202010
7834,악마는프라다를입는다,201511
7838,엔드오브왓치(2012),202102
7841,한공주,201407
7842,성의,201307
7848,어느날,201704
7852,"금붕어,여자",201611
7860,피아니스트의마지막인터뷰,202012
7861,데이브레이커스(2009),201811
7864,카트,201510
7869,마미,201911
7874,해피엔드,201408
7876,물랑루즈,202004
7879,살인마잭의집,201903
7882,터미네이터2:오리지널,201910
7887,"다시,뜨겁게사랑하라!",201612
7888,"달콤,살벌한연인",201410
7890,리치리치,201504
7892,연인[무삭제판],201612
7895,신세계,201304
7896,큰엄마의미친봉고,202101
7898,특종:량첸살인기,201811
7899,내부고발자들:월급쟁이의전쟁,202001
7910,엑스맨:데이즈오브퓨처패스트,201407
7917,두개의사랑,201801
7926,육지금마(1994),201808
7931,드라이브(2011),202009
7932,히마와리와나의7일,201410
7938,미녀와야수(2017),201705
7941,럭키(2016),201701
7942,위워솔저스,201404
7943,패션오브크라이스트(2004),201704
7949,미이라3:황제의무덤(2008),201605
7953,새벽의저주,201606
7955,은하,201701
7958,아오하라이드(2016),202002
7959,캅랜드,201611
7960,프리즈너스,202001
7973,초급학교패왕:스트리트파이터,201910
7976,해리포터와불의잔,201701
7979,로리타(1997),202004
7980,시카고(2002),201803
7984,람보(1982)[리마스터링],202103
7996,쥬라기공원2:잃어버린세계,201612
7998,말레피센트2,201912
8005,천년호,201204
8017,이스트드래곤:고대왕릉의비밀,202101
8028,타임루프:초시공간여행,202012
8029,살수이말,201904
8032,카니발(2013),201411
8034,무간도3:종극무간,202007
8037,케이크메이커,201806
8042,백조공주:해적에서공주로,201610
8045,몬스터헌트,201511
8046,미스사이공:25주년기념공연(2016),201701
8049,"다시,벚꽃",201705
8055,하얀리본(2009),202002
8056,워이베이젼,201910
8064,독전,201806
8070,셀프/리스,201509
8072,다이얼M을돌려라,201312
8073,특수부대백호,202011
8074,월스트리트:분노의복수(2013),201906
8076,후궁:제왕의첩,201208
8080,소원택시(2013),202011
8089,치즈인더트랩(2018),201803
8091,퍼시픽림,201605
8093,베스트오브미,201908
8095,콰이강의다리,201307
8103,챔피언(2018),201805
8105,PMC:더벙커,201901
8106,테스(1979),201812
8107,특종병기전랑,201910
8110,지옥의영웅,201508
8116,스파이더맨3,201604
8121,해무,201409
8123,애쉬래드:트롤의숲,202005
8126,썬키스패밀리,201904
8127,맨프럼어스,201805
8129,링,201912
8146,스물,201505
8148,이웃집스타,201709
8155,스매시앤그랩:보석강도단핑크팬더,202103
8171,5일의마중(2014),202002
8173,뷰티인사이드[가치봄],202011
8175,동성서취(1993),202009
8176,테스와보낸여름,202009
8178,소수의견,201507
8183,카2(2011),201806
8184,범털,202005
8186,숨바꼭질,201612
8187,"그시절,우리가좋아했던소녀",201612
8188,슬럼독밀리어네어,202005
8189,비긴어게인,201410
8190,"안녕,나의소울메이트",202101
8200,트위스터(1996),201910
8204,무간도,201205
8206,한번더해피엔딩,201602
8209,리벤지(2017),201808
8222,로그워페어,201911
8228,금의위2-무주지전,202004
8229,그것만이내세상,201802
8232,데이비드게일(2003),201811
8237,배틀필드2025,202103
8241,"부르고뉴,와인에서찾은인생",201805
8243,머니백,201804
8244,미라클(2017),201704
8250,저스티스리그:아틀란티스의왕좌(2015),202005
8256,우리연애의이력,201607
8266,모아나,201702
8267,크리미널,201607
8268,투모로우2019:지구대빙하기,201908
8272,더나이트클럭,202005
8274,유랑지구,201904
8278,그집,202006
8280,버진스노우,201412
8283,더터널,202103
8284,겨울왕국열기,201509
8285,플레저오브스킨감각탐구,201908
8288,인페르노타워,201709
8291,스내치(2000),201904
8293,화장(2014),202005
8298,우리도사랑일까(2011),202103
8303,시크릿슈퍼스타,201911
8304,거룩한분노,201807
8305,클릭,201707
8312,기도하는남자,202003
8329,미성년,201905
8337,바람바람바람,201805
8338,스파이(2015),201506
8339,나홀로집에3,201511
8341,바바야가:숲의악령,202102
8352,본레거시,201611
8355,테일오브테일즈,201703
8357,필라델피아,201608
8359,주피터스문,201808
8367,스파이지니어스,202004
8369,스티브잡스,201602
8371,머시니스트(2005),201611
8376,[OCEAN공개]살아남은사람들,202102
8378,사무라이-검신주베에,201902
8389,유전,201808
8391,바바둑,201507
8392,그레이트뷰티,201903
8395,모든비밀스러운것들,201507
8400,몬스터호텔,201504
8401,인피니:에이펙스의비밀,201610
8406,야구소녀,202007
8410,정글북(2016),201609
8420,후회하지않아,201301
8425,무서운영화,201611
8435,닥터,201910
8438,트로이,201504
8441,제인에어(1944),201808
8443,"안녕,헤이즐",201410
8444,더바디(2012),201405
8449,스킨,202003
8453,슈렉3,201205
8456,이창,201508
8457,키즈리턴:재회의시간,201707
8458,미션이스탄불3:더리벤지,201808
8464,화이트하우스다운,201309
8468,작전(2009),201805
8470,러덜리스,201507
8474,아메리칸잡,202009
8478,아부의왕,201208
8480,도굴,202012
8482,보이후드,201511
8485,오즈의마법사:돌아온톰과제리[한글자막],201607
8488,시티온파이어,201606
8503,신고질라,201703
8504,[단편]보이후드,202003
8508,부당거래,201904
8509,나치오버로드,202002
8514,내아내의모든것,201207
8517,"두번째여름,두번다시만날수없는너",201901
8520,첫키스만50번째(2018),202004
8523,나는아들을사랑하지않는다,201712
8524,부릉!부릉!브루미즈:스피더의모험일기[우리말],201701
8525,오지않는아이,202009
8536,미이라:비밀의문,201601
8540,"조금씩,천천히안녕",202006
8542,김관장대김관장대김관장(2006),202006
8547,딜리버리맨,201611
8550,암모나이트,202103
8556,밤쉘:세상을바꾼폭탄선언,202007
8558,은혼2:규칙은깨라고있는것,201812
8559,더히어로:네메시스작전,202012
8564,#살아있다,202007
8566,스타워즈6:제다이의귀환,201701
8570,해운대,201310
8574,스텝업(2006),201601
8576,귀목요괴:화신술,202012
8578,혹성탈출:진화의시작,201112
8579,겨울왕국2,202001
8584,스타워즈4:새로운희망,201802
8587,오르페브르36번가,201703
8588,반드시잡는다,201712
8589,화차,201906
8590,수색역,201604
8594,아이캔스피크,201710
8599,파커,201412
8605,더랍스터,201512
8606,아쿠아렐라,202006
8609,일대일,201405
8611,스몰타임크룩스,202005
8613,킹스맨:시크릿에이전트,201504
8614,늑대소년[일반판],201906
8615,다이노소어어드벤처:백악기공룡대백과,201612
8618,터미네이터:다크페이트,202001
8621,로빈후드,201404
8624,선종무문관,201906
8628,쿵푸팬더3,201612
8630,옵세스드,202003
8632,커런트워,201909
8637,퍼스트맨,201811
8639,인시디어스4:라스트키,201803
8642,닥터스트레인지,201701
8645,오루시!,201807
8649,제로다크서티,201612
8654,동주,201611
8672,캐리비안의해적:블랙펄의저주,201907
8677,성난변호사[가치봄],202011
8678,다운바이러브,201708
8680,울프특공대,201911
8681,아나콘다3:오프스프링,202103
8683,인사이드맨,201604
8686,불량한가족,202007
8687,얼굴없는보스,201911
8690,더씽,201206
8693,더킹:독립전쟁,202103
8694,어퓨굿맨,201605
8708,성실한나라의앨리스,201612
8709,블레이드3,201505
8711,낫디엔드,201901
8713,수상한가족,201612
8720,해커스(2012),201410
8733,라스트에어밴더,201211
8736,늑대와춤을:디오리지널,202101
8739,캡틴필립스,201311
8741,아이[별도편성][예고편],202103
8746,프린세스다이어리(2001),201711
8749,마이펫의이중생활,201609
8751,패트리어트데이,201704
8754,첩혈쌍웅:디오리지널,201807
8759,탱크독,201802
8760,익스펜더블,201911
8767,"날,보러와요",201605
8769,명탐정코난:작별까지의프롤로그,201711
8775,인턴게임,201512
8777,호빗:스마우그의폐허[확장판],201504
8786,라스트풀메저,202005
8787,1+3,201912
8792,달라스바이어스클럽(2013),202001
8793,아빠를빌려드립니다,201909
8795,관상,202002
8797,돈의맛:금지된거래,202009
8804,케이팩스,202003
8808,7급공무원,201312
8811,헝거게임:판엠의불꽃,201208
8812,임금님의사건수첩,201705
8813,두여자:피의복수,202003
8818,잡식가족의딜레마,201506
8824,프렌즈위드러브,201802
8833,시호,202003
8834,오즈의마법사:돌아온도로시[우리말],201502
8837,엘리자베스하베스트,201812
8842,덤보,201906
8843,개구쟁이스머프2[2D],201311
8849,머드,202003
8852,레이어케이크(2004),202102
8855,꼬마유령[우리말],201506
8856,동경가족,202009
8857,로건,201704
8858,신황제를위하여,202010
8860,페이스블라인드,201207
8863,필름시대사랑,202008
8867,레터스투줄리엣(2010),201711
8872,무에타이,201812
8880,"세라비,이것이인생!",201806
8887,페인티드베일(2006),202002
8888,인도차이나,202006
8902,그녀에게잠들다,201912
8913,피노키오(2019),202103
8915,늑대의유혹,201812
8918,더틱,201902
8921,레고프렌즈:걸즈포라이프,201603
8924,500일의썸머,201505
8925,바이스,201905
8928,고질라:킹오브몬스터,201906
8932,더플랫폼,202005
8938,서치아웃,202004
8939,말할수없는비밀,201506
8940,코코＋올라프,200212
8954,엘리펀트송,201507
8958,안나카레니나,201306
8965,백악관을무너뜨린사나이,201908
8968,작은집,201804
8970,주토피아,201608
8971,만남의광장(2007),202009
8975,배틀쉽,201207
8978,오션스:문어구출대작전,201910
8981,공범,201311
8987,명량[가치봄],202011
8991,흥부,201802
8996,조선미녀삼총사,201402
8999,지구침공:컨테이젼,202006
9000,나를미치게하는여자,201512
9006,쥬라기파크:아마존어드벤쳐,201703
9007,내생애최고의경기,202012
9010,시티오브갓(2002),202009
9018,카(2006),201706
9026,바운티헌터(2010),202003
9035,가족의나라,201612
9036,셀마,201901
9038,내사랑내곁에,201904
9039,나미야잡화점의기적:또하나의이야기,201811
9043,이터널선샤인[리마스터링],201601
9045,아이언맨,201609
9046,탐정:리턴즈,201807
9048,슬렌더맨,201812
9051,세인트빈센트,201503
9052,돈맛(2016),201811
9056,지푸라기라도잡고싶은짐승들,202004
9059,그여름가장조용한바다,201707
9061,에브리맨스워,201901
9067,미확인동영상:절대클릭금지,201901
9075,이대요정:미남과요괴,201912
9078,소셜포비아,201504
9083,알렉산더대왕,201703
9085,마이블라인드라이프,201908
9086,걸캅스,201906
9093,삼진그룹영어토익반[가치봄],202101
9095,가디언스,201411
9109,토르:오리지날전설,202002
9110,여배우는오늘도,201710
9113,러브(2015),201711
9119,경주,201612
9120,피와뼈(2004),201910
9121,인크레더블헐크(2008),201811
9125,어린의뢰인,201906
9126,클루리스,201911
9131,노원리브스,201308
9132,더이퀄라이저,201611
9134,심용결:잃어버린전설,201609
9142,스윙어스,201302
9146,무릎꿇어너희다,202101
9147,점박이:한반도의공룡[우리말][3D],201810
9152,4월이야기,202003
9153,300:제국의부활,201610
9162,지저스크라이스트슈퍼스타,201303
9164,솔트,201303
9166,무쌍,201812
9172,암살교실,201610
9174,마음이2,201510
9175,나만이없는거리(2016),201612
9177,8월의크리스마스[리마스터링],201603
9178,명량:회오리바다를향하여,201612
9179,적인걸5측천무후지유명도,202103
9180,마이크로코스모스,201302
9181,벤데타:피의복수,201410
9186,탑건,201203
9188,몬스터주식회사,201303
9189,파이터,201305
9190,은지:돌이킬수없는그녀,201912
9191,언더월드2:에볼루션,201911
9193,더우먼:조앤,202008
9201,치외법권,201701
9210,더컴퍼니맨(2010),202007
9214,일진,201803
9224,엔딩스비기닝스,202007
9225,연애담,201701
9227,존윅:리로드,201705
9230,슈퍼히어로(2008),201705
9236,매트릭스3:레볼루션,201808
9238,퍼니퍼니,201304
9240,증발,202012
9242,좋은날,201503
9243,인굿컴퍼니,201405
9244,이누야시키:히어로VS빌런,202004
9247,피노키오,201612
9249,소공녀(1939),201603
9254,블랙스완,201505
9255,조폭마누라3(2006),201805
9256,미믹,201403
9258,백투더퓨쳐2,201506
9261,번지점프를하다,201711
9262,핵소고지,201703
9265,기묘한이야기들2,201807
9267,런보이런,202005
9268,룸(2016),202006
9269,킬러맨,202008
9276,끝까지간다,201407
9278,나우유씨미2,201608
9281,더킹오브엠파이어,201701
9282,피원에이치:새로운세계의시작,202010
9285,화이트블러드,202011
9287,사생결단_SD,201408
9292,그놈목소리,201410
9293,해치지않아,202002
9297,엘리시움,201310
9299,바이크원정대:인이탈리아,202101
9301,드림걸즈,201211
9302,더임파서블,201903
9305,사무라이검신,201910
9306,툼레이더(2001),201510
9312,미이라:악령의부활,201904
9325,다니엘이즌리얼,202004
9328,소리도없이,202010
9330,닥터[무삭제감독판],201408
9335,마인드헌터(2004),201707
9338,거짓말은자란다,201603
9339,은혼,201712
9340,해피디데이,202007
9341,말레피센트,201811
9347,아워바디,201910
9349,언브레이커블,201703
9353,양과늑대의사랑과살인,202007
9354,미녀와야수3-벨과마법의성[우리말],201407
9356,다빈치코드,201210
9361,유에프오:지구침공,201904
9370,메가마인드,201211
9372,봉이김선달,201611
9374,두여자(2010),201904
9381,이장,202005
9384,나만없어고양이,201909
9389,최고수전:전설의살인마,201808
9390,샤크베이트,202007
9392,주선,202009
9402,데이라잇(1996),201910
9404,촉산복마전,201810
9410,1917,202003
9416,어벤져스:인피니티워,201807
9417,액트오브킬링,202002
9423,개세영웅,202012
9424,초야:맛의유혹,202001
9429,킹아서:제왕의검,201706
9432,무한대를본남자,201611
9434,컬러풀웨딩즈,201411
9436,탐정당인:차이나타운살인사건,201611
9437,레벨16,202012
9440,인투더미러,202102
9444,말레나,201911
9446,3022:지구대폭발,202007
9447,토이스토리3,201405
9449,귀권,201911
9451,미이라:고대전설의부활,201501
9455,컨테이젼,201504
9463,곰돌이푸우,201112
9466,아이스에이지:지구대충돌,201609
9472,레지던트이블3:인류의멸망(2007),201811
9473,볼트,201504
9476,아기거북토토의바다대모험[2D],201612
9478,파리의도적,201505
9482,리틀드래곤코코넛2:정글대탐험,202103
9483,신보보경심,201907
9486,어거스트러쉬(2007),201804
9497,라이트오브라이프,202102
9499,미스터보스,202012
9503,나의이름,202010
9507,알라딘2,201907
9511,블레이드2,201504
9518,8인:최후의결사단(2009),202006
9522,리빙보이인뉴욕,201711
9523,반창꼬(2012),201907
9524,어벤져스:에이지오브울트론,201806
9526,리벤져,201812
9527,잔혹한앵글의로망스,201910
9530,워호스,201205
9534,메가스네이크,202102
9536,어글리트루스,201612
9539,리틀페어런트,201812
9545,덫,201707
9551,바다로가자,202007
9552,봉마전,202102
9553,아이즈와이드셧,201504
9556,내인생의마지막변화구,201504
9559,판타스틱우먼,201805
9566,머펫모스트원티드[한글자막],201409
9568,007북경특급2,201909
9569,연을쫓는아이(2007),201911
9571,리틀포레스트:사계절,201804
9572,쥬드,200702
9580,그림자살인,201304
9590,티파니에서아침을,201307
9591,바닐라스카이,201308
9593,더기버:기억전달자,201911
9597,청춘의증언,201504
9599,시간여행자의아내(2009),202012
9600,소림축구,201403
9603,엑소시스트하우스오브이블,201805
9606,풀잎들,201811
9607,산나물처녀,202009
9609,그녀가사라졌다,202103
9618,원초적본능2[리마스터링],201611
9623,마담싸이코,201907
9629,스페셜포스,201207
9630,터미널,201308
9632,디어스킨,202001
9636,귀타귀,201909
9638,파이어스톰,201407
9640,어느가족,201902
9645,니나,201805
9651,하이앤로우더무비,202003
9654,지니어스,201704
9655,캠퍼스킬러,201706
9662,킬유어달링(2013),202004
9664,뮬란(2019),202008
9665,라이온킹,201201
9670,공범자들,201709
9673,마빈의방,201911
9676,홍반장,201305
9685,더헌트,202002
9686,엑스맨:다크피닉스,201908
9689,행복목욕탕,201911
9691,도굴[가치봄],202102
9692,완득이,201906
9708,듀마,201512
9709,군중낙원,201712
9713,엠마(2020),202003
9715,보이걸씽(2006),201712
9723,해바라기(1970),201711
9725,더기프트,201903
9730,제3의사랑,201606
9744,러브퍼즐,201707
9746,하프웨이,202103
9755,화이트라이언찰리,202006
9757,1945:포인트오브노리턴,202006
9759,열두번째용의자,201911
9769,간신[감독판],201507
9770,월드워Z,201709
9781,순종,201612
9788,아이인더스카이,201607
9792,프로젝트메자,201801
9793,구미호가족,201911
9795,차일드인타임,202001
9796,협도연맹:유럽공략단,202008
9798,가문의부활:가문의영광3,202003
9802,해어화,201901
9815,트론:새로운시작(2010),201707
9819,만물생장:끝없는관계,201604
9821,보이콰이어,202005
9822,타이타닉(1998),201505
9829,아이언맨3,201309
9839,업그레이드,201810
9841,혈투:황위쟁탈전,201912
9848,와일드마운틴타임,202103
9852,그것:광대의저주,201804
9853,미키의크리스마스,201712
9859,600결사대,201902
9867,살인택시괴담:야경챕터2,202001
9870,파리의인어,202008
9872,악녀,201707
9884,로스트바이킹:전쟁의신의아들,202009
9889,아마겟돈,201512
9894,K2,201405
9902,존윅:특별판,201512
9907,백두산,202001
9909,어벤져스:엔드게임,201907
9912,소오강호[리마스터링],201601
9914,암살,201701
9917,벤이즈백,201905
9924,모리스,201911
9925,암살교실:졸업편,201704
9928,"집에돌아오면,언제나아내가죽은척을하고있다",202003
9931,가슴노출을허하라!,201509
9934,"오전0시,키스하러와줘",202009
9938,헝거게임:더파이널,201701
9944,마스터,201308
9946,SM작가(2000),202012
9948,다이빙벨[확장판],201504
9949,래시컴홈,202101
9950,와호장룡,201207
9959,아가씨[확장판],201701
9961,미나문방구,201811
9962,살인자의기억법,201710
9963,배트맨대슈퍼맨:저스티스의시작[확장판],201801
9965,원초적본능(1992),201711
9968,인디아나존스-크리스탈해골의왕국,201402
9972,해피니스로드,201902
9976,잃어버린지구속으로(2008),202101
9978,시티오브조이,201505
9982,검사외전,202103
9983,락아웃:익스트림미션,201207
9985,다키스트마인드,201809
9989,특수본,201612
9992,비욘드엣지:카지노를털어라,201805
10001,환절기,201803
10004,로즈,201704
10009,카사블랑카,201504
10012,눈의꽃,201912
10013,배틀필드:카르발라전투,201806
10016,콘에어(1997),201708
10017,윈드토커,202005
10022,아버지와이토씨,201705
10027,단추,202102
10030,킬빌Vol.1,201403
10031,컨덕트,201908
10033,스텝업2:더스트리트(2008),202009
10034,어쩌다로맨스,202004
10035,치하야후루상편,201802
10040,"나를책임져,알피",201506
10043,안젤리크,201611
10044,영화는영화다,201404
10046,뱀파이어아카데미,201504
10048,대부3,201506
10053,하이큐!!땅VS하늘,202002
10056,백야협,202101
10068,맨인블랙3,201504
10070,곤충왕국3D,201409
10073,오직사랑하는이들만이살아남는다(2013),202103
10078,트립투이탈리아,202003
10079,셔터아일랜드,201609
10085,엔젤해즈폴른,201911
10088,액션우먼인할리우드,202103
10091,왕의춤,201506
10096,"고산자,대동여지도",201701
10099,계절과계절사이,201910
10105,하이스트렁,201801
10111,인간사냥꾼,201809
10113,이상한나라의앨리스(2010)[한글자막],201302
10115,올레,201912
10117,실미도,201906
10121,애비규환,202012
10125,드림하우스,201510
10126,이연걸의정무문,201912
10128,봉신대전,202011
10130,베를린천사의시,201304
10135,시칠리아햇빛아래,201707
10136,샬롯:욕망의법칙,202005
10139,디파티드(2006),201803
10141,카모메식당,201409
10154,쉐도우울브스,201908
10156,정무문2:전설의흑협,202008
10161,엑스맨,201505
10164,천승:극강의싸움꾼,201910
10167,레지던트이블(2002),201811
10173,언니,201901
10174,"동물,원",201910
10178,BB프로젝트(2006),202001
10182,성판17[무삭제판],201803
10187,언노운(2011),201504
10199,나의산티아고,201612
10200,블리츠(2011),201908
10204,겨울왕국[무자막],201611
10205,콜오브와일드,202006
10213,블랙팬서,201805
10218,쌍화점(2008),201901
10220,아메리칸셰프,201501
10224,빅쇼트,201602
10228,연애,201303
10232,라이어트:기계들의역습,202012
10235,언디스퓨티드2,201309
10237,예감은틀리지않는다,201708
10238,원더우먼,201707
10240,언브로큰,201502
10242,몽키킹4:투신의귀환,202103
10245,알투비:리턴투베이스,201906
10249,지오스톰,201711
10252,해피투게더(2018),201811
10253,후엠아이,201612
10259,강철비2:정상회담,202008
10263,벨(2013),201903
10275,7:20원나잇포에버,201812
10277,지구인,201806
10278,동자대소동,201604
10281,라스트레터(2018),202103
10282,트랜스포터:리퓰드,201511
10286,레이더스,201402
10290,화심:욕망의꽃,201704
10292,검은여름,201906
10294,이안에외계인이있다,202102
10298,걷기왕,201909
10302,"아무튼,아담",202007
10308,식스빌로우,201802
10311,리미트리스(2011),202001
10312,브루스올마이티(2003),201708
10317,뮬란:전사의귀환[리마스터링],202006
10319,로렉스,201208
10324,용길이네곱창집,202003
10338,영웅본색3,201804
10339,미저리(1990),201908
10343,원더랜드(2019),201909
10344,나쁜상사,201808
10345,치킨리틀,201209
10347,바람의검심:교토대화재편,201911
10360,수체스카,201507
10362,마법의성(2002),202002
10363,수퍼소닉,202003
10365,우상,201904
10367,쿵푸타운,202103
10370,인서전트(2015),202008
10375,너를만난여름,201911
10378,내가죽기전에가장듣고싶은말,201708
10380,사대문파,201909
10385,원타치,202102
10387,미이라:피라미드의비밀,201407
10388,하드코어헨리,201607
10392,레토,201901
10394,걸스카우트,202002
10395,초속5센티미터,202010
10396,엠티맨,202101
10400,스폰지밥,201505
10404,신기질:중원의결사대,202010
10409,레미:집없는아이,202006
10410,달링,201804
10413,헬페스트,201812
10414,메가샤크어택(2017),201812
10417,툼스톤,201410
10422,립반윙클의신부,201610
10425,인더더스트,201811
10428,프랑켄슈타인VS미라,201904
10429,비커밍제인(2007),201911
10431,킬러인리커버리,201907
10433,콜드스킨,201811
10436,부산행,201609
10438,더티댄싱,201808
10439,우리들의행복한시간,201403
10440,라이프오브파이,201303
10446,스파이더맨:파프롬홈,201909
10447,에이리언2020(2000),201805
10459,일대종사곽가권,201910
10461,도쿄좀비아이돌,201810
10468,침입자(2020),202006
10469,셰이프오브워터:사랑의모양,201804
10472,베스테르플라테전투,201912
10480,빛의아버지:파이널판타지XIV,202101
10487,더비포타임,201811
10489,인비저블라이프,202007
10490,레플리카,201910
10503,계약연애,202001
10504,프론테라스,202003
10505,리듬오브리벤지,202005
10506,왕을참하라,201911
10507,환상의빛,201611
10508,최후의카운트다운,201905
10512,강시선생:일미도인,201909
10515,록키5(1990),201812
10516,데스노트,201312
10521,벤허:레저렉션,201711
10522,지구[우리말][SE](2007),201510
10523,모모(1986),201512
10524,호텔뭄바이,201906
10526,인시디어스,201803
10527,뺑반,201902
10528,푸시,201503
10531,조제,202101
10532,고백,201501
10540,터칭더보이드,202010
10545,샌안드레아스,201805
10553,중경삼림[리마스터링],202103
10561,도둑들:비트코인전쟁,202102
10584,카3:새로운도전,201711
10585,더리틀아워즈,201805
10593,새벽의약속,201812
10595,에이리언:버뮤다삼각지대,201612
10600,익스트랙션,201705
10601,박열,201708
10607,분노는말이없다,201911
10608,리틀포레스트,201804
10614,노아-40일의기적,201612
10628,오마이갓(2020),202011
10632,메기,201911
10634,사냥,201810
10639,플라이트93(2006),201907
10640,루시드드림(2018),202103
10643,허슬러,201912
10650,블레이드러너,201504
10651,초이스,201811
10656,서스페리아,201906
10658,램페이지(2018),201805
10664,섹스앤더시티2,201504
10673,페인티드버드,202004
10675,"내어깨위고양이,밥",201701
10682,나이스가이즈,201611
10693,더이퀄라이저2,201812
10694,프롬어하우스온윌로우스트리트,201803
10695,잔칫날,202012
10697,라이온킹1과1/2(2004)[우리말],201612
10703,반고흐:위대한유산,201901
10704,나쁜교육(2004),201811
10705,라이언일병구하기,201308
10715,투마더스,202003
10717,라스트킹:왕가의혈투,201701
10719,버스657,201611
10724,캐리비안의해적:망자의함,201907
10742,레스큐언더파이어,201708
10743,록키4(1985),201812
10745,적인걸3:사대천왕,201811
10747,영웅본색4,201804
10749,이케아옷장에서시작된특별난여행,201907
10759,리스본행야간열차,201406
10763,이상한나라의앨리스(1951),201402
10771,무사시,202005
10775,상하이나이츠(2003),201904
10777,데이라이트엔드:인류멸망의날,202006
10780,비스트(2019),201907
10783,너는여기에없었다,201810
10785,주성치의파괴지왕,201504
10787,제5계급,201607
10789,네무덤에침을뱉어라(1979),201909
10792,뚱보가세상을지배한다,202006
10802,프리즌이스케이프,202006
10806,무지개빛데이즈(2017),201812
10814,런치박스,201404
10817,하늘에서음식이내린다면,201303
10819,커넥트(2020)[별도편성][예고편],202102
10820,맥스스틸(2018),201804
10821,강철비2:정상회담[확장판],202010
10828,퍼펙트케어,202103
10829,햄스테드,201807
10833,너의결혼식,201809
10838,스쿠비!,202007
10845,"나니아연대기:사자,마녀그리고옷장",201512
10852,감기,201310
10853,어느독재자,201704
10857,배트맨비긴즈,201503
10860,스타워즈:라이즈오브스카이워커,202003
10863,반지의제왕:반지원정대[확장판],201606
10864,나이트비포(2014),202011
10865,베테랑,201510
10868,너의췌장을먹고싶어,201801
10869,아이언맨&헐크,201504
10871,킹스맨:골든서클,201711
10872,해리포터와죽음의성물2,201701
10874,에너미(2013),202007
10875,환상의마로나,202006
10876,몽키킹2:서유기여정의시작,201605
10879,거울나라의앨리스,201609
10881,뚜르드프랑스:기적의레이스,202003
10894,나를차버린스파이,201809
10901,몬스터콜,201710
10909,당산대형(1971),201906
10912,정직한후보[가치봄],202010
10922,어웨이프롬허,201911
10923,더넌,201810
10925,커터헤드,201904
10926,사랑:세도시이야기,201612
10932,루키스,202006
10938,킹메이커(2012),202102
10943,위선자들[감독판][UHD],201604
10944,와일드영,201402
10952,2:22,201905
10953,아들에게가는길,201712
10954,아인,201804
10955,장사리:잊혀진영웅들,201910
10957,만델라이펙트,202103
10958,철의심장을가진남자,201811
10959,브릿마리여기있다,202006
10962,작전명아이다호,201908
10963,키스미어게인,201307
10967,심플라이프,201612
10968,슬립리스:크리미널나이트,201703
10970,에린브로코비치,201111
10971,램페이지2-워싱턴심판의날,201903
10972,캐스트어웨이,201308
10974,밤비2,201612
10978,예수는역사다,201708
10979,가문의영광,201303
10987,슈렉2,201202
10996,옥중룡,201904
10997,12번째솔저,201904
11008,세상의모든디저트:러브사라,202102
11009,더포리너,201802
11022,비행기2:소방구조대,201801
11023,킹오브썸머,201902
11024,캡틴마블예고편,201904
11026,캐리비안의해적:낯선조류,201907
11027,배틀오브레전드,202005
11030,태극권,201904
11037,도리를찾아서,201701
11044,죽은시인의사회,201706
11047,친구,201212
11053,투모로우샤크,201805
11054,아내를죽였다,201912
11061,대장김창수,201710
11062,돌이킬수없는(2002),201909
11067,더큐어,201407
11068,1942:언노운배틀,202008
11069,하나와앨리스(2004),202006
11077,인터프리터(2005),201805
11079,사선에서(1993),201904
11086,레이(2004),201508
11087,연인(2004),201912
11089,오다기리죠의도쿄타워,202003
11099,레볼루션아일랜드,201305
11107,마사의부엌,201711
11110,맨홀,201901
11111,단테스피크(1997),202001
11118,스플린터,202006
11121,라스트위치헌터,201611
11126,강시선생2:강시가족,201909
11127,영앤뷰티풀,202012
11132,운봉,202102
11134,노래로쏘아올린기적,201708
11135,퍼펙트맨(2019),201910
11142,공포분자,202010
11144,파국:끝까지간다,201809
11147,서양골동양과자점앤티크,202002
11150,양자물리학,201910
11153,봄이가도,201810
11155,비스틀리(2011),201905
11163,컨페션,201408
11165,디센트,201412
11170,드라이브:분노의질주,202011
11177,귀여운여인,201707
11179,군도:민란의시대,201909
11187,브로큰플라워,201508
11190,칠곡가시나들,201904
11193,해리포터와아즈카반의죄수,201701
11194,101마리의달마시안개(1961),201503
11198,설리:허드슨강의기적,201701
11202,폴링오버나잇,201305
11203,허스토리,201807
11208,건축학개론,201205
11218,마르셀의여름,201312
11226,글래스,201904
11227,블루라군(1980),201903
11230,네레우스:바다의괴물,201908
11233,올아이즈온미,201709
11240,라라랜드,201704
11241,플랜맨,201901
11245,열화영웅,202003
11246,쉬즈더맨(2006),201605
11254,매트릭스,201808
11255,라이프온더라인,201705
11258,주홍글씨(2004),201901
11259,록키발보아(2006),201812
11260,행복한사전,201403
11261,롱샷,201908
11263,우리사랑할까요?,201811
11264,고스트버스터즈(2016),201609
11266,퍼펙트타겟,201906
11270,라이엇,201612
11276,페니핀처,201709
11288,스키타이:불멸의전사,201809
11292,패는여자,201210
11296,두사부일체,201912
11297,히말라야,201602
11298,타워,201906
11301,홈(2018),201806
11302,육체의학교,201506
11305,러시안레이드,202011
11306,김광석,201711
11307,스파이더위크가의비밀,201308
11312,거짓말을사랑하는여자,202001
11313,엣지오브투모로우,201808
11314,사랑방손님과어머니,201812
11315,할로우포인트,201912
11322,비밀과거짓말,202002
11332,전장의패트롤,202010
11336,심야의FM,201407
11338,윔피키드:가족여행의법칙,201708
11339,가디언즈,201304
11348,거룩한계보,201304
11350,전국노래자랑,201810
11354,스윙보트(2008),202101
11360,넥스트제네레이션패트레이버,201612
11363,해리포터와비밀의방,201701
11364,의뢰인,201901
11369,클래식,201204
11370,지존소자,201301
11379,스파이더맨2,201604
11383,언더더트리,201811
11384,내꿈은컬러꿈,201911
11385,가을의마티네,202101
11387,성난변호사,201511
11391,"가장따뜻한색,블루",201402
11405,42(2013),201605
11414,더프린세스:도둑맞은공주,202008
11418,손오공:대천복요,202011
11419,돈바스:최후의결전,202008
11425,케이브,201803
11426,기쿠지로의여름(1999),201707
11430,위자:저주의시작,201701
11431,위험한정사,201206
11439,더클리닉(2009),201710
11440,69세,202009
11443,미인도,201410
11444,곤지암,201804
11445,친정엄마,201407
11446,바람(2009),202007
11452,죠스2,201506
11455,귀곡성:귀신을부르는소리,201607
11457,국화꽃향기(2003),201605
11460,당대명포:무림고수대결전,201807
11462,시크릿닌자,201210
11465,맨하탄녹턴,202007
11469,골드,201704
11471,소공녀(2018),201804
11473,세레니티(2018),202007
11482,대립군,201706
11485,이스케이프룸(2019),201904
11488,생활의발견(2002),201803
11490,불꽃처럼나비처럼(2009),201608
11491,클로즈에너미,201906
11493,소녀검객아즈미대혈전2(2005),201905
11498,써니,201904
11504,중독노래방,201706
11505,샌드샤크,201712
11511,엔딩스비기닝스[별도편성][예고편],202102
11519,더하우스,201912
11524,세상에서가장아름다운이별,201709
11525,오!문희,202009
11538,나이브스아웃,202002
11540,터보,201310
11546,세이프(2011),202009
11548,마스크,201504
11550,아웃브레이크:지구최후의날,201612
11551,몬스터헌터:귀멸의검,202010
11558,고양이사무라이,201909
11564,용의자X적헌신,201804
11571,써로게이트,201707
11579,러브앤드럭스,201506
11582,비포선라이즈,201504
11585,스페셜포스:라스트타겟,202011
11586,블라인드사이드,201504
11587,어스,201904
11589,워터월드(1995),202001
11596,살아남은아이,201809
11604,체실비치에서,201810
11617,카운트다운,202011
11618,그레이스오브모나코,201611
11620,쥬라기게임,201809
11625,트랜스포머:최후의기사,201709
11627,불한당:나쁜놈들의세상,201706
11628,궁녀,201302
11634,적인걸더파이널,202005
11635,갓오브이집트,201611
11636,개같은날의오후(1995),202005
11641,검객풍운,201703
11644,왈츠포모니카,201612
11647,경성학교:사라진소녀들,201810
11654,잃어버린세계:로스트퓨쳐,201608
11656,루터,201712
11658,마틴에덴,202011
11667,배드지니어스,201711
11674,반지의제왕:반지원정대,201701
11679,붉은수수밭(1988),202103
11682,퇴마:무녀굴,201612
11686,에로스(2004),202103
11696,넥스트제네레이션패트레이버:수도결전,201607
11706,천일의스캔들(2008),201605
11710,디스민즈워,201205
11712,스타워즈1:보이지않는위험,201701
11720,원챈스,201611
11727,스파이,201311
11728,은밀하고도매혹적인비밀수업:착한여자,202103
11738,조선명탐정:흡혈괴마의비밀,201803
11739,레미제라블,201303
11742,82년생김지영,201911
11746,에반올마이티,201701
11759,솔로이스트(2009),201805
11764,펠리니를찾아서,201807
11766,초미의관심사,202006
11784,에이리언4,201606
11790,더서치,201901
11794,에스파트너,201612
11796,도쿄!(2008),201704
11797,강남1970,202003
11801,타이거마운틴,202003
11804,1864남북전쟁,202012
11805,패트리어트:늪속의여우,201707
11807,구니스,201504
11808,미녀와야수[2D],201908
11814,샤인(1996),201809
11819,#아이엠히어,202102
11820,샤크(2004),201308
11826,꿀벌대소동,201201
11829,트롤2:월드투어,202004
11830,타임투게더,201711
11831,마약왕,201901
11836,키스오브뱀파이어(2012),202101
11837,줄리에타,201612
11839,좋은여자,202006
11840,신디케이트:라스트마피아,201812
11841,폭력써클(2006),202010
11845,런,202012
11851,해적:바다로간산적,201901
11853,캠프엑스레이,201611
11860,잠자는숲속의공주,201701
11861,헤라클레스(1997),201911
11862,트레져헌터(2009),201701
11863,파더앤도터,201512
11865,카운터어택,202101
11873,고스톱살인,201404
11878,21브릿지:테러셧다운,202002
11879,보스베이비[3D],201810
11883,랭고리얼,201511
11889,"인사하고,키스",201905
11890,드래프트데이,201407
11891,크리스마스에는행복이,202012
11898,님은먼곳에(2008),202002
11904,성난황소,201812
11911,맥스피스트,202103
11922,블러드다이아몬드(2006),201803
11924,쓰키지원더랜드,201902
11926,킹아더전설의서막,201704
11931,방자전,201904
11934,킹콩(2005),201610
11935,그린치(2018),201901
11956,오퍼나지:비밀의집,201701
11957,콜드워(2018),201902
11966,글러브,201201
11973,스티븐시걸의CIA,201403
11977,어톤먼트,201701
11978,블라인드(2007),202102
11982,뮤직박스,201312
11983,신의한수:귀수편,201912
11985,유감스러운도시,201303
11989,월드워핵전쟁의서막,201903
11993,애프터매스(2018),201804
11996,더레슨:마지막수업,202003
12000,언더워터샤크,201804
12006,메리다와마법의숲,201210
12009,퍼시잭슨과번개도둑,201505
12012,봉황천화:절대병기의비밀,202010
12029,부산(2009),202101
12030,갱,202002
12033,해리포터와죽음의성물1,201701
12035,피터팬(1953)[한글자막],201611
12041,어벤져스그림:시간전쟁,201811
12043,더러너스,202103
12044,더보트,201912
12045,카구야님은고백받고싶어-천재들의연애두뇌전-,202006
12050,교회오빠,202004
12055,스파이전쟁,202009
12060,해피데스데이,201712
12064,47로닌,201404
12065,메가로돈,201809
12070,꾼(2017),201712
12075,넥스트투모로우(2011),201910
12078,백조공주:왕실의미스테리,201804
12097,엽문4:종극일전,201612
12101,피끓는청춘,201809
12102,원데이[특별판],202009
12105,다이하드,201510
12106,쿵푸허슬(2005),201708
12107,천국에다녀온소년,201407
12110,블루발렌타인,201206
12111,오직그대만,202002
12113,로드킬(2018),201902
12116,레지던트이블2(2004),201811
12117,스튜어트리틀(1999),201902
12120,패왕별희디오리지널,202007
12127,더킥,201112
12134,차타레부인의사랑(1981),201909
12135,로지(2018),201909
12137,히트(2013),201610
12139,비룡맹장[리마스터링][감독판],201812
12142,13구역,201312
12149,아비정전(1990),201704
12150,무서운집,201610
12153,덕구,201805
12156,에이트빌로우(2006),201902
12163,마담뺑덕,201410
12165,킬빌Vol.2,201406
12173,"러브,로지",202001
12174,히트맨(2020),202002
12181,스플릿,201702
12183,크레이지인러브,201803
12212,마다가스카의펭귄[2D],201901
12213,소울리스,201612
12215,피터래빗,201806
12216,서바이벌패밀리,201801
12220,아는여자,201306
12222,가디언즈오브갤럭시,201811
12225,스티븐시걸의리벤지,202001
12230,내일도우린사랑하고있을까,202103
12238,태백권,202008
12239,에로스:왕가위감독[특별판],202103
12250,줄무늬파자마를입은소년(2008),201903
12251,치하야후루하편,201802
12253,진주귀걸이를한소녀(2003),201704
12255,사랑의규칙,201703
12268,드리머(2005),201911
12276,천녀유혼(1987),202004
12287,몽마르트파파,202001
12292,U235:무적의잠수함,202011
12293,창궐,201811
12297,그레이의50가지그림자,201612
12298,고백(2020),202103
12300,신비한동물들과그린델왈드의범죄,201812
12304,트와일라잇(2008),201904
12305,황제를위하여,201407
12310,좀비대에일리언,201705
12320,안나카레니나(1997),202003
12321,램페이지,201612
12326,레지던트이블5:최후의심판,201604
12329,비블리아고서당사건수첩,201906
12333,"조제,호랑이그리고물고기들",201701
12339,시험에들지말게하옵시며(2011),201608
12342,원라인,201705
12348,원스,201808
12352,800,202101
12357,토르:천둥의신,201404
12362,굿바이(2008),202101
12363,두여인,201505
12364,테넷,202012
12365,머룬베레:이름없는영웅,202103
12370,천년여우여우비[우리말],201906
12378,분노,201704
12382,짱,201811
12385,이웃사촌,202012
12386,레브,202008
12390,레베카(1940),201803
12399,바나나쏭의기적,201803
12401,렛힘고,202011
12404,다이빙:그녀에빠지다,201812
12409,통메모리즈[확장판],201611
12424,안녕까지30분,202010
12425,토르2:다크월드,201611
12429,너의시선이머무는곳에,202007
12432,쇼퍼홀릭,201909
12438,무사회:사무라이대습격,202007
12444,프리퀀시,201506
12448,고백할수없는,201604
12450,쎄시봉,201503
12457,알라딘3-알라딘과도둑의왕,201407
12463,"나의아들,나의어머니",201611
12466,"어쩌다,결혼",201903
12469,완벽한타인,201812
12484,아마겟돈2046,202102
12489,태양은가득히,201312
12491,제인도,201709
12492,군산:거위를노래하다,201812
12493,프라이빗스쿨,201508
12495,스피드(1994),201709
12497,플로리다프로젝트,201804
12499,백설공주살인사건,201912
12504,럼블,201708
12509,비스티보이즈,201301
12519,특수부대:스카이헌터,201809
12530,밤의문이열린다,201909
12544,옴샨티옴,201612
12546,데스티네이션웨딩,201812
12548,제리맥과이어,201111
12549,세렌디피티,201405
12551,레드:더레전드,201408
12552,요괴외전,201909
12554,보스베이비,201706
12558,검객,202010
12559,씨민과나데르의별거,201407
12562,블러드스크린,202103
12566,물괴[가치봄],202010
12577,호텔레이크,202005
12580,미쓰GO(2012),202010
12582,레전드오브타잔,201608
12583,윈드리버[감독판],201711
12585,탐엣더팜,202001
12593,우리가족삼총사,201707
12603,이웃사촌[가치봄],202101
12608,로즈와마틴의유령퇴치주식회사,202101
12619,디스트릭트9(2009),201901
12621,분노의질주:홉스&쇼,201909
12622,노아,201610
12623,보안관,201706
12627,광대들:풍문조작단,201909
12632,완벽한거짓말,201708
12635,알리타:배틀엔젤,201907
12639,세인트모드,202103
12641,혹성탈출(2001),201610
12644,연의황후,201308
12645,샤크쓰나미,202007
12646,12명의죽고싶은아이들,201907
12648,인사이드아웃,201511
12650,맨프롬엉클,201602
12651,스타워즈:라스트제다이,201803
12652,에너미오브스테이트(1998),201808
12660,롤플레이(2012),201907
12661,카이로의붉은장미(1985),202006
12662,원스어폰어타임...인할리우드,201911
12665,창문넘어도망친100세노인,201407
12666,미녀와야수(2017)[싱어롱],201705
12671,스타이즈본,201811
12672,죽어야사는여자(1992),202002
12675,스코어투셔틀,201911
12678,녹정기2:신룡교,201909
12682,가시꽃,201309
12690,존윅(2014),202008
12693,세자매,202102
12695,비밀정보원:인더프리즌,202004
12702,디즈니삼총사(2004),201811
12703,프리즈너,202007
12705,온리더브레이브(2018),201803
12707,거짓말(2015),201810
12709,더타이탄,201805
12713,언더월드3:라이칸의반란(2009),201902
12714,카메라를멈추면안돼!,201812
12722,앨리스:원더랜드에서온소년,201512
12723,나라타주,201805
12726,협상,201810
12728,네코아츠메의집,201801
12729,컨스피러시,201506
12733,갱스터오브시티,202102
12734,아카이브,202012
12735,헝거게임:모킹제이,202002
12740,아들의방(2001),202102
12743,봉신연의:불의검외전,202002
12746,오케이마담,202009
12750,누명,201712
12751,호빗:뜻밖의여정,201605
12753,다이하드:굿데이투다이,201306
12754,르누아르,201903
12759,겨울왕국,201403
12760,본투비블루,201607
12761,프리다의그해여름,201811
12765,스텝업:올인,201509
12768,분노의질주:언리미티드,201405
12772,프랑켄위니[한글자막],201301
12773,독전:익스텐디드컷,201807
12774,고스트보트(2014),201510
12777,톰과제리:수퍼레이스,202103
12779,완벽한타인:킬모바일,201905
12785,오베라는남자,201606
12786,7호실,201712
12800,레고무비2,201903
12801,에이리언컨버전스,201811
12805,엔더스게임,201611
12806,"하이,젝시",202003
12810,무협:절대비기의비밀,202002
12811,지옥의묵시록(1979),202006
12812,일대종사,201309
12814,삼국-무영자,201812
12819,조선명탐정:각시투구꽃의비밀,201901
12820,드라큘라:모로이의전설,201905
12823,생로랑,201504
12824,맥퀸,201810
12828,메리포핀스리턴즈,201903
12831,여중생A,201807
12837,피아니스트의전설,202002
12839,오리엔트특급살인,201712
12849,넥스트제네레이션패트레이버2,201810
12850,잠못드는공포이야기,201808
12851,신과함께:죄와벌,201802
12852,화피(2008),201702
12858,좀비VS헌터,201801
12861,워히어로,202008
12863,비스트스토커2,201206
12864,가면속의아리아,201311
12868,호스트,201911
12880,엘르(2017),201707
12885,아수라,201611
12894,기묘한가족,201902
12904,미나미양장점의비밀,201606
12905,서프러제트,201701
12915,뷰티풀마인드,201308
12918,킬러더스파이,202102
12924,미스테리어스스킨,201712
12925,오버드라이브,201712
12930,꿈의제인,201706
12932,여교사,201701
12934,말모이,201902
12948,데자뷰(2018),201806
12954,동감,201910
12956,에브리타임룩앳유,201903
12958,겨울밤에,202101
12960,하류인생,201305
12961,잠복근무,201511
12965,원티드(2008),201410
12966,미스터주:사라진VIP,202002
12968,아이언마스크:용패지미,202007
12973,배틀트랩,201812
12974,세상을바꾼변호인,201906
12984,레드드래곤(2002),201812
12987,시카리오:데이오브솔다도,201809
12993,세상의중심에서사랑을외치다,201308
12996,매드맥스:로드워,201803
13005,...ing,201912
13006,댄스타운,201408
13011,비트윈랜드앤씨,201808
13025,친절한금자씨,201906
13030,일주일간친구(2017),201801
13033,김종욱찾기,201904
13035,남과여(2016),201701
13043,키리시마가동아리활동그만둔대,201901
13049,여자는남자의미래다(2004),201803
13054,팬데믹,202007
13056,도미노이펙트,201611
13058,점박이:한반도의공룡,201211
13059,잡스,201612
13060,천하영웅자객(2012),202003
13066,글래디에이터,201305
13069,슈퍼배드3,201708
13071,대폭격(2018),201901
13072,엑설런트어드벤쳐3,202011
13074,용재변연,201904
13075,드래곤길들이기2[2D],201901
13077,한나(2018),201808
13087,바보선언,201510
13088,쿵푸팬더2,201111
13092,동네사람들,201811
13093,그린랜드,202011
13094,#아이엠히어[별도편성][예고편],202102
13096,고야의유령,201207
13097,콜레트,201904
13098,바닷마을다이어리,201611
13099,여고괴담,201204
13101,악의교전,201309
13102,벤허(2016),201701
13110,사랑은비가갠뒤처럼,201902
13111,호빗:스마우그의폐허,201605
13113,신의숲:운명의시작,202008
13117,범죄의여왕,201609
13123,이니셜D(2006),201912
13133,메가로돈:거대상어의습격,201906
13138,7인의사무라이,202003
13142,돌아와요부산항애,201801
13145,적도,201506
13157,마리퀴리,202012
13161,콜마이네임,201910
13176,알라딘,201901
13177,카페6,201612
13180,여배우들(2009),202101
13185,꿀벌과천둥,202011
13186,언더더선,201505
13190,금의위-무림천하,202012
13204,황금시대(2014),201411
13207,돈틀리스:미드웨이해전,202001
13209,반지의제왕3:왕의귀환,201701
13210,런던워Z:레드콘,201909
13215,론서바이버,201405
13217,걸후드,202011
13220,펜트하우스노스,202004
13224,모추어리컬렉션,202102
13229,류이치사카모토:코다,201807
13230,트럭(2008),201611
13234,슬리핑뷰티(2008),201405
13236,타짜:원아이드잭,201910
13238,파이브피트,201906
13241,깡패들[무삭제판],201912
13246,벌새,201911
13251,썸머85,202101
13255,디에고,201912
13264,악인전[가치봄],202010
13268,패신저57,201506
13273,버티칼리미트(2000),201707
13276,나쵸리브레,201406
13278,수어사이드스쿼드,201811
13279,황비홍-천하무인,201905
13282,업(2009),201701
13291,"국군29초영화제수상작[일반,청소년부]",201506
13293,베리굿걸,201701
13298,몬스터대학교,201612
13304,스타더스트,201207
13307,이웃사람,202004
13311,겟어웨이:끝없는도주,202002
13316,라플라타강의전투(1956),201701
13324,리플레이:다시시작되는순간,202101
13325,밀레니엄:제1부여자를증오한남자들,201612
13326,인크레더블2,201810
13330,어쩌다룸메이트,201911
13333,커넥트(2008),201803
13336,지금만나러갑니다(2018),201804
13344,그리고우린춤을추었다,202012
13352,이웃의아내,202005
13356,그래비티,201504
13357,카우보이비밥:천국의문,202103
13359,혼숨,202001
13362,지.아이.제인(1997),202002
13363,몬스터볼(2001),201808
13366,판타스틱썸머,202007
13370,몬스터호텔2,201601
13377,쥬라기공원,201612
13378,연애의온도,201305
13379,데드풀,201701
13391,리얼스틸,201112
13397,심야식당2(2017),201706
13400,이집트왕자,201803
13401,치어리딩클럽,202009
13404,아멜리에(2001),202008
13407,"색,계[리마스터링]",201612
13413,"고흐,영원의문에서",202001
13417,디트로이트,201806
13419,칼리더킬러,201804
13422,아이킬드마이마더,201912
13427,터미네이터(1984),201908
13430,구스범스:몬스터의역습,201811
13437,요노스케이야기,201901
13440,드라큘라:전설의시작,201411
13446,페이스오프,201707
13453,퀸카가아니어도좋아,201612
13455,또하나의약속,202002
13457,나는왕이로소이다,201209
13458,리메인,202009
13460,미스슬로운,201704
13461,파이니스트아워,201607
13468,암전,201909
13471,디아워스,201403
13475,스파이키드4:올더타임인더월드,202101
13477,본아이덴티티,201611
13482,쓰리빌보드,201804
13484,아토믹블론드,201709
13489,라스칼라갈라콘서트:별들을다시보려고,202102
13490,잔다라어게인:불멸의사랑파트2,201607
13491,살인의뢰[감독판],201504
13492,델마,201808
13493,"귀향,끝나지않은이야기",201709
13496,걸,202101
13500,와일드라이프,202001
13503,남자가사랑할때,201403
13513,점박이한반도의공룡2:새로운낙원,201901
13515,눈의여왕3:눈과불의마법대결,201701
13518,12솔져스,201804
13520,바이킹:왕좌의게임,201806
13527,블러드퀀텀,202009
13532,모탈:레전드오브토르,202007
13533,캠프살인사건의비밀,201707
13540,명량,201412
13546,봉쇄수도원카르투시오,202012
13548,공조,201702
13549,레거시오브라이즈,202012
13558,마셰티,201205
13561,욕망의대지(2008),202012
13570,윌리[우리말],201811
13574,운명,201911
13575,알라딘-램프의신,202001
13579,그랜드부다페스트호텔,201406
13580,사탄의인형:상속받은저주,201912
13584,언덕길의아폴론(2018),201809
13591,엔드오브어건,201812
13593,이벤트호라이즌,201308
13594,몬스터즈,201405
13596,인스트루먼트오브워,201904
13599,아기코끼리덤보,201404
13600,인베이젼2020,202007
13603,프로스펙트,201904
13604,싸움의기술,201306
13606,트롤1,201703
13608,빅히어로,201702
13616,몽키킹VS구미호대결전,201709
13619,8년,202009
13620,몬스터하우스[한글자막],201604
13626,최종병기활,201111
13636,빅샤크2:해저2만리,201906
13643,가족(2004),201910
13645,백악기꼬마공룡을찾아서,202009
13646,마틸다(1996),201910
13651,토미리존스의쓰리베리얼,201410
13653,더아이덴티티,201902
13655,희망에빠진남자들,202102
13656,퍼스트어벤져,201612
13658,살아남은사람들,202102
13662,시간위의집,201704
13663,아우토반(2017),201704
13669,미쓰백,201811
13674,드레스메이커,201612
13675,그것,201710
13681,그놈이다,201611
13683,파울라,201711
13684,금의위:3인의무사,202101
13690,인타임,201203
13693,유령신부,201504
13696,악의연대기,201506
13697,수춘도,201808
13698,에이바,202009
13700,메이데이(2018),201905
13708,완벽한가족,202101
13711,입영전야,201604
13714,앨리스크리드의실종,201511
13715,다크나이트라이즈,201503
13716,우리들의완벽한세계,201904
13719,이프온리(2004),201712
13721,사마에게,202002
13726,패신저스(2016),201702
13733,베를린,201304
13734,사랑이무서워,201307
13736,리지,201901
13739,특별시민,201705
13740,논스톱:다마스커스타겟,201807
13741,정무대영웅:영예지상,202102
13743,데스노트:라스트네임,201312
13752,욕망의독:중독,201409
13758,도묘필기2:잃어버린제국,201811
13762,팅커벨2:팅커벨과잃어버린보물(2009),201812
13766,리딕:헬리온최후의빛,201606
13770,연가시[가치봄],202009
13771,크래쉬,201507
13776,글로리아의여정,202102
13778,알라딘2-돌아온자파[우리말],201407
13780,어쩌다아스널,202005
13784,로그,202012
13790,은밀한,202103
13791,숨바꼭질:어둠의속삭임,201707
13796,돈을갖고튀어라(1969),201908
13799,쥬라기월드:폴른킹덤,201807
13800,투엔드올워즈,201508
13801,영웅마영정,202103
13804,스워드오브갓,201908
13808,택시(2015),202003
13810,황비홍-천하지남북영웅,201812
13813,마부(1961),201812
13816,신은죽지않았다2,201612
13819,아무도없다,202009
13821,퍼펙트스톰,201504
13822,팜스윙스스와핑클럽,201801
13828,오버더펜스,201703
13835,"예스,갓,예스",202011
13838,법정스님의의자,201211
13839,추룡,201808
13841,뮤턴트:변종바이러스,201403
13848,사우스사이드위드유,201809
13849,시간이탈자,201605
13852,"은밀한계절,봄",201705
13868,돌멩이,202010
13869,투사부일체(2006),201802
13878,디노소어어드벤쳐,202102
13879,리스타트,202103
13881,친구와연인사이,201302
13882,늑대와빨간재킷,202102
13883,노팅힐,201611
13885,더블타겟,200711
13891,모텔리어,202012
13893,잭스나이더의저스티스리그,202103
13897,아이스에이지4:대륙이동설,201210
13901,해피피트,201504
13905,심장박동조작극,201712
13909,굿다이노,201809
13910,한솔로:스타워즈스토리,201810
13921,변호인[가치봄],202009
13929,나의첫번째슈퍼스타,202007
13942,바스티유데이,202001
13945,레고배트맨무비,201704
13952,노트북,201504
13953,국두,201805
13964,메가샤크터미네이터,201706
13965,사랑의병,202012
13966,해피엔딩프로젝트,201403
13967,블랙위도우:파이널챕터,202011
13972,화성은엄마가필요해[한글자막],201405
13975,마하2,201306
13985,레디플레이어원,201804
13994,체르노빌(2018),202102
13995,데인저러스메소드(2011),202008
14008,덕수리5형제(2014),202008
14010,남과여:여전히찬란한,202010
14014,절벽위의트럼펫,201803
14016,메가몬스터샤크,201710
14018,"그래,가족",202006
14019,미스터쉐프,201708
14020,데스퍼레이트(1998),202004
14026,시라노:연애조작단,201208
14030,기억의밤,201712
14032,샤오린:최후의결전,202006
14033,싸이코(1960),201312
14035,벨벳골드마인[무삭제],201407
14041,정복자1453,201505
14043,와인미라클,201712
14046,스턱인러브,201402
14048,미션이스탄불5:더파이널,201901
14050,피아니스트,201606
14052,안시성,201810
14053,굿윌헌팅,201403
14054,A-특공대,201505
14057,폴리스스토리2014,201611
14059,스토커,201307
14065,브릭맨션:통제불능범죄구역,201611
14071,콜미바이유어네임,201805
14076,수상한교수,201908
14084,파워배틀와치카:와치가면의역습,201706
14085,업사이드,201907
14088,나쁜녀석들:포에버,202004
14089,닥터지바고,201505
14090,컨택트,201703
14093,퍼펙트이스케이프,202012
14094,삼손,201805
14095,더팩토리(2012),202103
14097,우리오빠좀데려가,201902
14101,미스터디즈(2002),201604
14106,다이애나,201612
14109,국가부도의날,201812
14119,나비효과(2004),201505
14122,조폭마누라(2001),201606
14123,킹덤오브헤븐,201512
14125,애프터어스,201701
14126,사라진시간(2019),202006
14130,블랙앤화이트(2012),202003
14134,씨피버,202005
14137,다크나이트,201503
14140,그것:두번째이야기,201910
14157,몽키킹3:서유기여인왕국,201805
14163,천지불패,202005
14164,어니스트씨프[별도편성][예고편],202102
14167,부라더,201712
14169,뉴욕라이브러리에서,201810
14172,닌자터틀,201412
14173,위오운더나잇,202001
14178,애드아스트라,201912
14179,파도인,202008
14183,사랑의소용돌이(2014),202101
14202,아기돼지3형제와매직램프,201704
14209,촉산2항마전,202004
14211,지난여름갑자기,201605
14213,아메리칸스나이퍼,201711
14220,성형일기,201510
14229,무적철교삼(2018),202012
14238,칙파이트,202102
14250,미션파서블,202103
14253,람보2,201709
14261,좀비사파리,202103
14264,악몽선생,201701
14269,터미네이터3:라이즈오브더머신,202002
14270,실종:사라진아이,201708
14271,빌로우:적과의동거,201703
14274,남극의쉐프,202006
14277,블랙매스,201602
14280,내니맥피:우리유모는마법사,201805
14281,무서운이야기,201612
14282,삼진그룹영어토익반,202011
14287,라이온킹(2019),201910
14289,조선주먹,202004
14293,미쓰와이프,202008
14294,"아이,로봇",201603
14298,매기스플랜,201702
14303,미비포유,201609
14308,기문둔갑,201808
14309,"당신,거기있어줄래요",201901
14313,루프(2020),202102
14314,영국남자처럼사랑하는법,201701
14317,컨트롤러,201507
14318,데스체이싱,202007
14320,추룡[무삭제판],202004
14324,로그워페어3:데스오브네이션,202009
14326,삼생삼세십리도화(2018),201801
14330,패닉룸,201112
14331,닌자의나라,201907
14332,해빙,201704
14344,대호[가치봄],202011
14347,가장보통의연애,201911
14352,제이티르로이,202102
14354,오퍼나지:비밀의계단(2007),201904
14355,"구름의저편,약속의장소",202010
14366,갈매기,201812
14371,다이버전트,201605
14374,도묘필기3:제국의부활,201811
14378,브레이브하트,201904
14380,알라딘(2019),201909
14381,스코어:영화음악의모든것,201711
14382,인시던트,201703
14384,주리,201303
14385,뱅크잡,202101
14387,트랩트(2002),201902
14397,타샤튜더,201811
14398,마이미씽발렌타인,202102
14403,레온,201808
14404,세인트조지,201809
14405,"심슨가족,더무비[한글자막]",201512
14407,차이나타운,201505
14409,포르노그래퍼,201612
14425,버드맨,201701
14426,피치퍼펙트:언프리티걸즈,201506
14427,너의얼굴은,202103
14429,독전[가치봄],202010
14431,히로인실격,201604
14434,새해전야,202103
14436,내가잠들기전에,201411
14447,결백,202007
14448,리틀프린세스소피아,201704
14451,스위트홈,201605
14452,캡틴아메리카:시빌워,201609
14454,카운트다운:쇼크웨이브,201811
14455,우리가잃어버릴청춘,201812
14459,2009로스트메모리즈(2002),202008
14461,겟썸(2008),201702
14466,꼴통2인조,202004
14467,미녀삼총사,201206
14477,더테러라이브,201809
14478,국제수사,202010
14482,절청풍운3,202102
14483,고령화가족,201904
14489,더레이서,202103
14490,어드리프트:우리가함께한바다,201809
14498,디스트로이어,201910
14499,라스트크리스마스,201912
14502,레인맨(1988),201908
14509,재심,201703
14512,보존상:천년의유혼,202005
14513,소녀의세계,201812
14516,빅매치,201412
14520,엔테베작전,201806
14522,살인의늪,201901
14524,더서클,201707
14527,가문의영광5-가문의귀환,201301
14529,7번째내가죽던날,201706
14531,신마적:독불장군엄동욱,201909
14545,노프라블랜드,202102
14548,블러드파더,201804
14553,스트롱거,201907
14565,패터슨,201801
14568,팻걸(2001),201702
14571,"벨과세바스찬,계속되는모험",201708
14573,욕창,202007
14582,침입자(2017),201909
14584,돈의맛,201612
14586,애프터웨딩인뉴욕,202005
14589,뉴욕의가을,202003
14596,그린북,201903
